Route_Name,Origin,Map_Link Origin,Destination,Map_Link Destination,Distance_KM,,,
BARSEALE,บริษัท ทอสเท็มไทย จำกัด,https://goo.gl/maps/zbMQaKcHgfqcnMUDA,OREGON อ.ธัญบุรี จ.ปทุมธานี,https://goo.gl/maps/frKHdytWhdcvu3VL9,45,,,
BARSEALE,บริษัท ทอสเท็มไทย จำกัด,https://goo.gl/maps/zbMQaKcHgfqcnMUDA,BAC ปทุมธานี,https://goo.gl/maps/e6CJ3ewQTWVzCR7Y9,120,,,
BARSEALE,บริษัท ทอสเท็มไทย จำกัด,https://goo.gl/maps/zbMQaKcHgfqcnMUDA,"DURAMAX BEST ALUMINIUM CO.,LTD. อ.ลำลูกกา ปทุมธานี",https://goo.gl/maps/UyUKe1yfBvjDgADg7,,,,
OEM,บริษัท ทอสเท็มไทย จำกัด,https://goo.gl/maps/zbMQaKcHgfqcnMUDA,PANASONIC MANUFACTURING นิคมอุตสาหกรรมนวนคร,https://goo.gl/maps/djB2w2Ef7cWV1Xj17,,,,
OEM,บริษัท ทอสเท็มไทย จำกัด,https://goo.gl/maps/zbMQaKcHgfqcnMUDA,AERO TECHNOLOGY,https://goo.gl/maps/9t4be1gyRbjWaCUm8,,,,
OEM,บริษัท ทอสเท็มไทย จำกัด,https://goo.gl/maps/zbMQaKcHgfqcnMUDA,FABRINET,https://goo.gl/maps/EjHqGwNpHVt9M64Y7,,,,
OEM,บริษัท ทอสเท็มไทย จำกัด,https://goo.gl/maps/zbMQaKcHgfqcnMUDA,"CREFORM yazaki (THAILAND) CO.,LTD.",https://goo.gl/maps/R2bfJXZTjeSxeXDm8,,,,
OEM,บริษัท ทอสเท็มไทย จำกัด,https://goo.gl/maps/zbMQaKcHgfqcnMUDA,MECHANIC ART อ.ลำลูกกา จ.ปทุมธานี,https://goo.gl/maps/UygVdKpHH7YZ5qdR7,,,,
SALE (โรงเหนือ),บริษัท ทอสเท็มไทย จำกัด,https://goo.gl/maps/zbMQaKcHgfqcnMUDA,LIXIL รังสิต,https://goo.gl/maps/Wnm5Brd77FAnDpdo7,,,,
OEM,บริษัท ทอสเท็มไทย จำกัด,https://goo.gl/maps/zbMQaKcHgfqcnMUDA,UNILAMP อ.บ้านสร้าง จ.ปราจีนบุรี,https://goo.gl/maps/s1w1gd3Q86T7oHvv6,,,,
OEM,บริษัท ทอสเท็มไทย จำกัด,https://goo.gl/maps/zbMQaKcHgfqcnMUDA,FUJIKURA นิคมอุตสาหกรรมนวนคร ปทุมธานี,https://goo.gl/maps/pk1kjWJpbCZNZujY9,,,,
OEM,บริษัท ทอสเท็มไทย จำกัด,https://goo.gl/maps/zbMQaKcHgfqcnMUDA,SODICK นิคมอุตสาหกรรมนวนคร ปทุมธานี,https://goo.gl/maps/272Qanzxwy5yHT2L7,,,,
OEM,บริษัท ทอสเท็มไทย จำกัด,https://goo.gl/maps/zbMQaKcHgfqcnMUDA,NISSIN ELECTRIC (THAILAND) นิคมอุตสาหกรรมนวนคร,https://goo.gl/maps/urvYsS8iBE6k7JdF6,,,,
OEM,บริษัท ทอสเท็มไทย จำกัด,https://goo.gl/maps/zbMQaKcHgfqcnMUDA,"GreenDii Thailand, ตำบล คลองสี่ อำเภอคลองหลวง ปทุมธานี",https://goo.gl/maps/D3vFZ8nmquY9g1ib8,,,,
OEM,บริษัท ทอสเท็มไทย จำกัด,https://goo.gl/maps/zbMQaKcHgfqcnMUDA,บริษัท วังจุฬา ดีเวลลอปเมนท์ (2004) จำกัด อ.วังน้อย อยุธยา,https://goo.gl/maps/BXu8BLzBX3jEhaPQ9,,,,
OEM,บริษัท ทอสเท็มไทย จำกัด,https://goo.gl/maps/zbMQaKcHgfqcnMUDA,บริษัท ครัวไทยมีเนียม จำกัด อำเภอคลองหลวง ปทุมธานี,https://goo.gl/maps/W1RT6DeZxQJ5MQcJ7,,,,
OEM,บริษัท ทอสเท็มไทย จำกัด,https://goo.gl/maps/zbMQaKcHgfqcnMUDA,MIK DENSHI KOHGYO นิคมอุตสาหกรรมนวนคร ปทุมธานี,https://goo.gl/maps/cYanVgNY2Ci1k9oR8,,,,
OEM,บริษัท ทอสเท็มไทย จำกัด,https://goo.gl/maps/zbMQaKcHgfqcnMUDA,"CREATIVE LAB CO.,LTD. อ.สามโคก ปทุมธานี",https://goo.gl/maps/8gPQxGKq9HYyuSvD7,,,,
OEM,บริษัท ทอสเท็มไทย จำกัด,https://goo.gl/maps/zbMQaKcHgfqcnMUDA,เทพศิริ,https://goo.gl/maps/jDuwmZW2nJjvkxrf9,,,,ลองไลฟ์
OEM,บริษัท ทอสเท็มไทย จำกัด,https://goo.gl/maps/zbMQaKcHgfqcnMUDA,บริษัท ซีซ่าพลาสท์ (ประเทศไทย) จำกัด,https://goo.gl/maps/7W38hBeF7PbWtejq5,,,,
OEM,บริษัท ทอสเท็มไทย จำกัด,https://goo.gl/maps/zbMQaKcHgfqcnMUDA,"CRYOTECH ASIA CO.,LTD. อ.คลองหลวง ปทุมธานี",https://goo.gl/maps/VYKeYhHMDZBwfJfc8,,,,
SALE,บริษัท ทอสเท็มไทย จำกัด,https://goo.gl/maps/zbMQaKcHgfqcnMUDA,โกดังบริษัท  Megamind อ.ลาดหลุมแก้ว จ.ปทุมธานี,https://goo.gl/maps/k5dBppayHk8k9Y2g8,,,,
OEM,บริษัท ทอสเท็มไทย จำกัด,https://goo.gl/maps/zbMQaKcHgfqcnMUDA,"THAI AUTOMACH CO.,LTD. อ.หนองเสือ ปทุมธานี",https://goo.gl/maps/pjPhBXUxADuNwEkc9,,,,
OEM,บริษัท ทอสเท็มไทย จำกัด,https://goo.gl/maps/zbMQaKcHgfqcnMUDA,"KOLANG CO.,LTD นิคมอุตสาหกรรมนวนคร ปทุมธานี",https://goo.gl/maps/9tvKsHSwfsQoXSLP9,,,,
OEM,บริษัท ทอสเท็มไทย จำกัด,https://goo.gl/maps/zbMQaKcHgfqcnMUDA,"INTERLUX LIGHTING CO.,LTD. อ.ประจันตคาม ปราจีนบุรี",https://goo.gl/maps/kNYyLJ6CANNTJLMr6,,,,
BARSEALE,บริษัท ทอสเท็มไทย จำกัด,https://goo.gl/maps/zbMQaKcHgfqcnMUDA,MASON ACOUSTICS นิคมอุตสาหกรรมกบินทร์บุรี ปราจีนบุรี,https://goo.gl/maps/8cUiojXGgfmRQ4kK6,,,,
OEM,บริษัท ทอสเท็มไทย จำกัด,https://goo.gl/maps/zbMQaKcHgfqcnMUDA,Fuji Electric Manufacturing อ.คลองหลวง ปทุมธานี,https://goo.gl/maps/p12HtsBzbHHhQsTx6,,,,
OEM,บริษัท ทอสเท็มไทย จำกัด,https://goo.gl/maps/zbMQaKcHgfqcnMUDA,C.I. GROUP PUBLIC อ.เมืองปทุมธานี ปทุมธานี,https://goo.gl/maps/83eqt29pMzAde5946,,,,
OEM,บริษัท ทอสเท็มไทย จำกัด,https://goo.gl/maps/zbMQaKcHgfqcnMUDA,"SAFETY PLUS CO.,LTD. อ.ลำลูกกา ปทุมธานี",https://goo.gl/maps/mNVrkF3EdGvxDqaq7,,,,
BARSEALE,บริษัท ทอสเท็มไทย จำกัด,https://goo.gl/maps/zbMQaKcHgfqcnMUDA,"TMC ARCHITECTURAL CO.,LTD. อ.ธัญบุรี ปทุมธานี",https://maps.app.goo.gl/up5bdPHqne3c2gFBA,,,,
OEM,บริษัท ทอสเท็มไทย จำกัด,https://goo.gl/maps/zbMQaKcHgfqcnMUDA,"Harachu Thailand Co.,LTD. นิคมกบินทร์บุรี",https://maps.app.goo.gl/hqcE25ZAehrKPkJh9,,,,
OEM,บริษัท ทอสเท็มไทย จำกัด,https://goo.gl/maps/zbMQaKcHgfqcnMUDA,เอส.บี.สเตนเลส-หลังคาไวนิล อ.ลำลูกกา,https://maps.app.goo.gl/CyTCpqPaYfuQf7sV9,,,,
OEM,บริษัท ทอสเท็มไทย จำกัด,https://goo.gl/maps/zbMQaKcHgfqcnMUDA,D-Jig อ.ลาดหลุมแก้ว ปทุมธานี,https://maps.app.goo.gl/MZsNSEA8WyXopMTd8,,,,
OEM,บริษัท ทอสเท็มไทย จำกัด,https://goo.gl/maps/zbMQaKcHgfqcnMUDA,MUNGTHAI ALUMINIUM นิคมบางกระดี,https://maps.app.goo.gl/WxU5M7BHhaSrnTLN7,,,,
OEM,บริษัท ทอสเท็มไทย จำกัด,https://goo.gl/maps/zbMQaKcHgfqcnMUDA,บริษัท ไพโอเนียร์ มอเตอร์ จำกัด (มหาชน),https://maps.app.goo.gl/15Pt8UAE3e1LWKej8,,,,
OEM,บริษัท ทอสเท็มไทย จำกัด,https://goo.gl/maps/zbMQaKcHgfqcnMUDA,พี.ซี.เอ ซัพพลาย พรเจริญการช่าง อ.บ้านโป่ง จ.ราชบุรี,https://maps.app.goo.gl/wVMxU5KMRT9ySahe9,,,,
OEM,บริษัท ทอสเท็มไทย จำกัด,https://goo.gl/maps/zbMQaKcHgfqcnMUDA,บจก. ไดโน่ อีเล็คทริค,https://maps.app.goo.gl/85KEbHX6A1pcJGmw9,,,,
OEM,บริษัท ทอสเท็มไทย จำกัด,https://goo.gl/maps/zbMQaKcHgfqcnMUDA,W.C. WELDING อ.วังน้อย จ.อยุธยา,https://maps.app.goo.gl/zViK3HCKe42BA7kE9,,,,
OEM,บริษัท ทอสเท็มไทย จำกัด,https://goo.gl/maps/zbMQaKcHgfqcnMUDA,"SIAM INNOVATIVE MOTOR CO.,LTD. อ.เมืองนนทบุรี นนทบุรี",https://maps.app.goo.gl/7eHykxXmW3v6AmzcA,,,,
OEM,บริษัท ทอสเท็มไทย จำกัด,https://goo.gl/maps/zbMQaKcHgfqcnMUDA,"D.D. ELECTRIC 2014 CO.,LTD. อ.กระทุ่มแบน สมุทรสาคร",https://maps.app.goo.gl/XT1w9CsYhcst1wHx9,,,,
OEM,บริษัท ทอสเท็มไทย จำกัด,https://goo.gl/maps/zbMQaKcHgfqcnMUDA,NAPAVAS PRODUCT LIMITED PARTNERSHIP สมุทรสาคร,https://maps.app.goo.gl/nYhD9Bi8QjFbM5fy5,,,,
OEM,บริษัท ทอสเท็มไทย จำกัด,https://goo.gl/maps/zbMQaKcHgfqcnMUDA,NIHON SEIKI THAI LIMITED นิคมอุตสาหกรรมโรจนะ อยุธยา,https://maps.app.goo.gl/3NBqR6GSEDttRVaw5,,,,
OEM,บริษัท ทอสเท็มไทย จำกัด,https://goo.gl/maps/zbMQaKcHgfqcnMUDA,"THAI HIDAKA CO.,LTD. อ.นครหลวง อยุธยา",https://maps.app.goo.gl/5YdRZaYPo2HGvijg8,,,,
SALE,บริษัท ทอสเท็มไทย จำกัด,https://goo.gl/maps/zbMQaKcHgfqcnMUDA,NMB-MINEBEA THAI LTD. อ.เมืองลพบุรี ลพบุรี,https://maps.app.goo.gl/fCsVSqjrCY6E7wvT9,,,,
OEM,บริษัท ทอสเท็มไทย จำกัด,https://goo.gl/maps/zbMQaKcHgfqcnMUDA,KOBAEI อ.แก่งคอย จ.สระบุรี,https://maps.app.goo.gl/KxWBwiLHzp4Nd7Je8,,,,
BARSEALE,บริษัท ทอสเท็มไทย จำกัด,https://goo.gl/maps/zbMQaKcHgfqcnMUDA,YHS INTERNATIONAL LIMITED อ.แก่งคอย สระบุรี,https://maps.app.goo.gl/hDzVWBphrv5R9sSu8,,,,
BARSEALE,บริษัท ทอสเท็มไทย จำกัด,https://goo.gl/maps/zbMQaKcHgfqcnMUDA,"AAG CORPORATION CO., LTD. (AAGC) อ.ไทรน้อย นนทบุรี",https://maps.app.goo.gl/VC373EjkknGth1kt7,,,,
OEM,บริษัท ทอสเท็มไทย จำกัด,https://goo.gl/maps/zbMQaKcHgfqcnMUDA,"Nihon Shinkan (Thailand) Co.,Ltd. นิคมโรจนะ อยุธยา",https://maps.app.goo.gl/uZ6RsKHezPzqPtwY7,,,,
OEM,บริษัท ทอสเท็มไทย จำกัด,https://goo.gl/maps/zbMQaKcHgfqcnMUDA,"KRUGER VENTILATION INDUSTRIES ASIA CO., LTD. สมุทรสาคร",https://maps.app.goo.gl/r5zZQsiHtgBmktjE8,,,,
OEM,บริษัท ทอสเท็มไทย จำกัด,https://goo.gl/maps/zbMQaKcHgfqcnMUDA,FASCO MOTORS (THAILAND) LIMITED อ.เมืองนนทบุรี นนทบุรี,https://maps.app.goo.gl/DsS5op6VxaJMxkru6,,,,
BARSEALE,บริษัท ทอสเท็มไทย จำกัด,https://goo.gl/maps/zbMQaKcHgfqcnMUDA,YHS INTERNATIONAL LIMITED อ.กระทุ่มแบน สมุทรสาคร,https://maps.app.goo.gl/CLhWMukftSzmurBc9,,,,
OEM,บริษัท ทอสเท็มไทย จำกัด,https://goo.gl/maps/zbMQaKcHgfqcnMUDA,"NPE  INDUSTRY (THAILAND) CO.,LTD อ.สามพราน นครปฐม",https://maps.app.goo.gl/jkRMRT315JT5igHSA,,,,
OEM,บริษัท ทอสเท็มไทย จำกัด,https://goo.gl/maps/zbMQaKcHgfqcnMUDA,NIPPON STEEL TRADING THAI SOKEN อ.หนองแค สระบุรี,https://maps.app.goo.gl/ZwZzyUC6LxaYJwSu5,,,,
OEM,บริษัท ทอสเท็มไทย จำกัด,https://goo.gl/maps/zbMQaKcHgfqcnMUDA,NAPAVAS PRODUCT LIMITED PARTNERSHIP สมุทรสาคร,https://maps.app.goo.gl/3QxR6arefb8jd5rZ9,,,,
OEM,บริษัท ทอสเท็มไทย จำกัด,https://goo.gl/maps/zbMQaKcHgfqcnMUDA,"KRITSANACHAI PRECISION CO.,LTD. อ.บางบัวทอง นนทบุรี",https://maps.app.goo.gl/FfdT6L24NSouov6HA,,,,
OEM,บริษัท ทอสเท็มไทย จำกัด,https://goo.gl/maps/zbMQaKcHgfqcnMUDA,"IKAZAWA INDUSTRIAL CO.,LTD. อ.เมืองนนทบุรี นนทบุรี",https://maps.app.goo.gl/SzdgDiHhEEbNWj2H7,,,,
OEM,บริษัท ทอสเท็มไทย จำกัด,https://goo.gl/maps/zbMQaKcHgfqcnMUDA,"CIVIC AGROTECH CO.,LTD. อ.กระทุ่มแบน สมุทรสาคร",https://maps.app.goo.gl/43UEaYqgCPPLSJG1A,,,,
OEM,บริษัท ทอสเท็มไทย จำกัด,https://goo.gl/maps/zbMQaKcHgfqcnMUDA,"KOSHIN TRADING (THAILAND) CO.,LTD. นิคมอุตสาหกรรมโรจนะ อยุธยา",https://maps.app.goo.gl/uJwn2gLM7sCGDG7d8,,,,
OEM,บริษัท ทอสเท็มไทย จำกัด,https://goo.gl/maps/zbMQaKcHgfqcnMUDA,"AVEAM CO.,LTD. อ.วังน้อย อยุธยา",https://maps.app.goo.gl/dWjc3hfweC3JWwt79,,,,
OEM,บริษัท ทอสเท็มไทย จำกัด,https://goo.gl/maps/zbMQaKcHgfqcnMUDA,"PSA CHEMTECH CO.,LTD. อ.สามพราน นครปฐม",https://maps.app.goo.gl/J9Me9JeRRZazV9yN6,,,,
OEM,บริษัท ทอสเท็มไทย จำกัด,https://goo.gl/maps/zbMQaKcHgfqcnMUDA,P.INTER DESIGN โกดัง P-NET ซอยทรัพย์รุ่งเรือง บางบัวทอง,https://maps.app.goo.gl/ubMbi8u8WkaA1EN99,,,,
BARSEALE,บริษัท ทอสเท็มไทย จำกัด,https://goo.gl/maps/zbMQaKcHgfqcnMUDA,"BANGKOK VINYL PROFILE CO.,LTD. อ.บางใหญ่ นนทบุรี",https://maps.app.goo.gl/dhMyUmKnr17mMKsc7,,,,
OEM,บริษัท ทอสเท็มไทย จำกัด,https://goo.gl/maps/zbMQaKcHgfqcnMUDA,SANDEN INTERCOOL (THAILAND) อ.พรหมบุรี จ.สิงห์บุรี,https://maps.app.goo.gl/yP6yQ1Qzk4YoxrtH9,,,,
OEM,บริษัท ทอสเท็มไทย จำกัด,https://goo.gl/maps/zbMQaKcHgfqcnMUDA,"THAI SOKEN CO.,LTD. อ.หนองแค สระบุรี",https://maps.app.goo.gl/34NH4U1tUS9BCNVR8,,,,
BARSEALE,บริษัท ทอสเท็มไทย จำกัด,https://goo.gl/maps/zbMQaKcHgfqcnMUDA,"ALUMINIUM WORK CO.,LTD. อ.บางบัวทอง นนทบุรี",https://maps.app.goo.gl/EoGkUFccz3GMEtAo8,,,,
OEM,บริษัท ทอสเท็มไทย จำกัด,https://goo.gl/maps/zbMQaKcHgfqcnMUDA,THAISIN MOTOR MANUFACTURING อ.ลาดบัวหลวง อยุธยา,https://maps.app.goo.gl/ik77YerHv6dHKPM58,,,,
GF-Delivery,บริษัท ทอสเท็มไทย จำกัด,https://goo.gl/maps/zbMQaKcHgfqcnMUDA,"A.K.SERVICE & SUPPLY CO.,LTD. วงเวียนใหญ่",https://maps.app.goo.gl/Ua8tvpPEgRBLD6wg7,,,,
OEM,บริษัท ทอสเท็มไทย จำกัด,https://goo.gl/maps/zbMQaKcHgfqcnMUDA,"ROYCE UNIVERSAL CO., LTD. อ.สามพราน นครปฐม",https://maps.app.goo.gl/ABrEjD6uGNH38WVNA,,,,
OEM,บริษัท ทอสเท็มไทย จำกัด,https://goo.gl/maps/zbMQaKcHgfqcnMUDA,"MJA INDUSTRIES CO.,LTD. อ.ปากเกร็ด นนทบุรี",https://maps.app.goo.gl/JULSfuiX9FKV5hma7,,,,
OEM,บริษัท ทอสเท็มไทย จำกัด,https://goo.gl/maps/zbMQaKcHgfqcnMUDA,"GIIC CO.,LTD. อ.ปากเกร็ด นนทบุรี",https://maps.app.goo.gl/L9cWjNiwp5B6UJzm8,,,,
BARSEALE,บริษัท ทอสเท็มไทย จำกัด,https://goo.gl/maps/zbMQaKcHgfqcnMUDA,"FRAMETEK WINDOW AND DOOR CO.,LTD. อ.ปากเกร็ด นนทบุรี",https://maps.app.goo.gl/Vc4oAG2tXR1peXns5,,,,
OEM,บริษัท ทอสเท็มไทย จำกัด,https://goo.gl/maps/zbMQaKcHgfqcnMUDA,ACTULUM COMPANY LIMITED อ.เมืองนนทบุรี นนทบุรี,https://maps.app.goo.gl/CJLeEVMsUZAfZiLe7,,,,
OEM,บริษัท ทอสเท็มไทย จำกัด,https://goo.gl/maps/zbMQaKcHgfqcnMUDA,"FINE WORK GROUP CO., LTD. อ.บางใหญ่ นนทบุรี",https://maps.app.goo.gl/Zu73JxaCtjvXiWBz9,,,,
OEM,บริษัท ทอสเท็มไทย จำกัด,https://goo.gl/maps/zbMQaKcHgfqcnMUDA,TPE&STP        อ.วังน้อย  อยุธยา,https://maps.app.goo.gl/gE6oMXtG2LLJ2pgs5,,,,
OEM,บริษัท ทอสเท็มไทย จำกัด,https://goo.gl/maps/zbMQaKcHgfqcnMUDA,KANRUJI อ.กระทุ่มแบน สมุทรสาคร,https://maps.app.goo.gl/9HR9242EsH8AYSkA9,,,,
OEM,บริษัท ทอสเท็มไทย จำกัด,https://goo.gl/maps/zbMQaKcHgfqcnMUDA,"MJA INDUSTRIES CO.,LTD. อ.ปากเกร็ด นนทบุรี",https://maps.app.goo.gl/eg8QS4aZhGyZAzM49,,,,
OEM,บริษัท ทอสเท็มไทย จำกัด,https://goo.gl/maps/zbMQaKcHgfqcnMUDA,YOKO MANUFACTURING อ.เมืองสมุทรสาคร สมุทรสาคร,https://maps.app.goo.gl/ozLrR5JQseDa4nRL6,,,,
OEM,บริษัท ทอสเท็มไทย จำกัด,https://goo.gl/maps/zbMQaKcHgfqcnMUDA,"ICE COLORPRINT CO., LTD. อ.เมืองนครปฐม นครปฐม",https://maps.app.goo.gl/d5t6qWCNm7SxD2J68,,,,
OEM,บริษัท ทอสเท็มไทย จำกัด,https://goo.gl/maps/zbMQaKcHgfqcnMUDA,"WISSEN(THAILAND)CO.,LTD. อ.วังน้อย อยุธยา",https://maps.app.goo.gl/T1sTsgLzk1nZcFN9A,,,,
OEM,บริษัท ทอสเท็มไทย จำกัด,https://goo.gl/maps/zbMQaKcHgfqcnMUDA,"KOOL BOSS COOLING SYSTEMS CO.,LTD. อ.เมืองสมุทรสาคร",https://maps.app.goo.gl/Z4fQ152hCNYTEjta7,,,,
OEM,บริษัท ทอสเท็มไทย จำกัด,https://goo.gl/maps/zbMQaKcHgfqcnMUDA,บริษัท ทีเบรนส์ จำกัด สมุทรสาคร,https://maps.app.goo.gl/2VLgi8d4rUPyDub19,,,,
OEM,บริษัท ทอสเท็มไทย จำกัด,https://goo.gl/maps/zbMQaKcHgfqcnMUDA,"ONI WORLDWIDE TRADING CO,.LTD. บางกรวย นนทบุรี",https://maps.app.goo.gl/AePu2SMHjGEYREGN8,,,,
BARSEALE,บริษัท ทอสเท็มไทย จำกัด,https://goo.gl/maps/zbMQaKcHgfqcnMUDA,"Frametek Window and Door Co., Ltd. อ.ไทรน้อย นนทบุรี",https://maps.app.goo.gl/QPXixTtdHrfo8i779,,,,
OEM,บริษัท ทอสเท็มไทย จำกัด,https://goo.gl/maps/zbMQaKcHgfqcnMUDA,"MECHILL ENGINEERING CO.,LTD. อ.วังน้อย อยุธยา",https://maps.app.goo.gl/1NwMnnBvLiU7Z4hg8,,,,
ลองไลฟ์,บริษัท ทอสเท็มไทย จำกัด,https://goo.gl/maps/zbMQaKcHgfqcnMUDA,ศูนย์กระจายสินค้า Big C ธัญบุรี,https://maps.app.goo.gl/tDbcWMjPJyrMXkF6A,,,,
OEM,บริษัท ทอสเท็มไทย จำกัด,https://goo.gl/maps/zbMQaKcHgfqcnMUDA,ASIA STAINLESS(เอเซีย แสตนเลส) 119 หมู่4 ต.ถนนขาด อ.เมือง จ.นครปฐม 73000,https://maps.app.goo.gl/y3Zkkq3YXrhEGaoN7,,,,
OEM,บริษัท ทอสเท็มไทย จำกัด,https://goo.gl/maps/zbMQaKcHgfqcnMUDA,LERTVILAI (เลิศวิลัย โรบอทแอนด์ออโตเมชั่น) กระทุ่มแบน สมุทรสาคร,https://maps.app.goo.gl/pfFp8vfiRkUMkgJj9,,,,
OEM,บริษัท ทอสเท็มไทย จำกัด,https://goo.gl/maps/zbMQaKcHgfqcnMUDA,"Kamiya Thailand Co,.Ltd. อ.บางพลี สมุทรปราการ",https://maps.app.goo.gl/w8jkutKfoRpxyg3o7,,,,
OEM,บริษัท ทอสเท็มไทย จำกัด,https://goo.gl/maps/zbMQaKcHgfqcnMUDA,AMW บจก. เอเซีย แม็กเนติก ไวนด์ดิ้ง,https://maps.app.goo.gl/rWrtQVU41jcdqVdo8,,,,
OEM,บริษัท ทอสเท็มไทย จำกัด,https://goo.gl/maps/zbMQaKcHgfqcnMUDA,"ASSIST WORK (THAILAND) CO.,LTD. อ.บางพลี สมุทรปราการ",https://maps.app.goo.gl/PesFWNrhCnJkSTBg9,,,,
OEM,บริษัท ทอสเท็มไทย จำกัด,https://goo.gl/maps/zbMQaKcHgfqcnMUDA,Fujiflex Medical (Thailand) Co. Ltd. ต.ท่าสะอ้าน อ.บางปะกง ฉะเชิงเทรา,https://maps.app.goo.gl/AioWqSguZWSoxq618,,,,
BARSEALE,บริษัท ทอสเท็มไทย จำกัด,https://goo.gl/maps/zbMQaKcHgfqcnMUDA,บริษัท อลูไซท์ พรีซิชั่น จำกัด ต.หอมศีล อ.บางปะกง ฉะเชิงเทรา,https://maps.app.goo.gl/YeocsNyvsmyaRa2P8,,,,
OEM,บริษัท ทอสเท็มไทย จำกัด,https://goo.gl/maps/zbMQaKcHgfqcnMUDA,บจก. สแตรปแอค (ไทยแลนด์) คอร์ปอเรชั่น,https://maps.app.goo.gl/fbitvuUKXzmJwoJj6,,,,
BARSEALE,บริษัท ทอสเท็มไทย จำกัด,https://goo.gl/maps/zbMQaKcHgfqcnMUDA,SHINSHO K'MAC PRECISION PARTS อ.เมืองสมุทรปราการ,https://maps.app.goo.gl/UergZ2TRARXWRDjk9,,,,
OEM,บริษัท ทอสเท็มไทย จำกัด,https://goo.gl/maps/zbMQaKcHgfqcnMUDA,SAKAKIBARA อ.บางเสาธง สมุทรปราการ,https://maps.app.goo.gl/V1asFqU5yKu5fyiL9,,,,
OEM,บริษัท ทอสเท็มไทย จำกัด,https://goo.gl/maps/zbMQaKcHgfqcnMUDA,"EGR GROUP SIAM CO.,LTD. อ.เมืองสมุทรปราการ",https://maps.app.goo.gl/7gMtkZW9XzijVyJz8,,,,
OEM,บริษัท ทอสเท็มไทย จำกัด,https://goo.gl/maps/zbMQaKcHgfqcnMUDA,"C.B.RESOURCES CO.,LTD อ.พระสมุทรเจดีย์ สมุทรปราการ",https://maps.app.goo.gl/RLFYMciLk3Nn8ZTW8,,,,
OEM,บริษัท ทอสเท็มไทย จำกัด,https://goo.gl/maps/zbMQaKcHgfqcnMUDA,TRUE OKURA        อ.กระทุ่มแบน สมุทรสาคร,https://maps.app.goo.gl/mo1yYumBKZCPX2Lt9,,,,
OEM,บริษัท ทอสเท็มไทย จำกัด,https://goo.gl/maps/zbMQaKcHgfqcnMUDA,"GRAFINGER(THAI)CO.,LTD. อ.บางพลี สมุทรปราการ",https://maps.app.goo.gl/xtXxftm18d9XJVyUA,,,,
BARSEALE,บริษัท ทอสเท็มไทย จำกัด,https://goo.gl/maps/zbMQaKcHgfqcnMUDA,"MASON ACOUSTICS CO.,LTD. อ.บางพลี สมุทรปราการ",https://maps.app.goo.gl/voGt4gagNHASrV2X8,,,,
OEM,บริษัท ทอสเท็มไทย จำกัด,https://goo.gl/maps/zbMQaKcHgfqcnMUDA,U-TECH INTER(ยูเทคอินเตอร์) อ.บางพลี สมุทรปราการ,https://maps.app.goo.gl/tnYQXzXeW7kyDJ1x5,,,,
BARSEALE,บริษัท ทอสเท็มไทย จำกัด,https://goo.gl/maps/zbMQaKcHgfqcnMUDA,KOBE INTERIOR UNITED (โกเบ) อ.บางพลี สมุทรปราการ,https://maps.app.goo.gl/xYTcuwjrsA4mim3V8,,,,
OEM,บริษัท ทอสเท็มไทย จำกัด,https://goo.gl/maps/zbMQaKcHgfqcnMUDA,SITTIPAB(สิทธิภาพอุตสาหกรรม) อ.พระประแดง จ.สมุทรปราการ,https://maps.app.goo.gl/1J4cWLdYWtz8qyoXA,,,,
OEM,บริษัท ทอสเท็มไทย จำกัด,https://goo.gl/maps/zbMQaKcHgfqcnMUDA,BITWISE(บิทไว้ส์) อ.บางพลี จ.สมุทรปราการ,https://maps.app.goo.gl/LGg3d6V1TYvwJsH5A,,,,
OEM,บริษัท ทอสเท็มไทย จำกัด,https://goo.gl/maps/zbMQaKcHgfqcnMUDA,HARACHU อ.กบินทร์บุรี จ.ปราจีนบุรี,https://maps.app.goo.gl/M6hjMrvFJd6ryaf98,,,,
OEM,บริษัท ทอสเท็มไทย จำกัด,https://goo.gl/maps/zbMQaKcHgfqcnMUDA,TOYOTA NEW PLANT อ.บ้านโพธิ์ ฉะเชิงเทรา,https://maps.app.goo.gl/gi7d3jXtszNAGFYd8,,,,
OEM,บริษัท ทอสเท็มไทย จำกัด,https://goo.gl/maps/zbMQaKcHgfqcnMUDA,"I SMART ENGINEERING  CO.,LTD.",https://maps.app.goo.gl/NmCnESciZH4wxNjw7,,,,
Drop DHH,โรงงานสมุทรปราการ บางปะกง,https://maps.app.goo.gl/s6sVKicJND9wu28Q8,ด่านศุลกากรช่องจอม อ.กาบเชิง จ.สุรินทร์,https://maps.app.goo.gl/vo7WLgc2r3gZCSPZ9,,,,
Drop DHH,โรงงานสมุทรปราการ (IRPC) - พระประแดง,https://maps.app.goo.gl/AKoac64WCnje7oNx9,ด่านศุลกากรบ้านแหลม อ.โป่งน้ำร้อน จ.จันทบุรี,https://maps.app.goo.gl/FHjAmADFmMPPJLMr6,,,,
Drop DHH,โรงงานสมุทรปราการ (SFC) - ถ.สุขสวัสดิ์ อ.พระสมุทรเจดีย์,https://maps.app.goo.gl/jRjvk8ePLd4QUBeJ8,ด่านพรมแดนบ้านคลองลึก จ.สระแก้ว,https://maps.app.goo.gl/Xx1R8rdwcrqYD5aKA,,,,
Drop DHH,บจก. โรงงานแม่รวย บางขุนเทียน,https://maps.app.goo.gl/ZmRuHu6c2mfyZbdJ6,ตลาดจุดผ่อนปรนบ้านหนองปรือ,https://maps.app.goo.gl/e6gBSxN7D3P1ttxa7,,,,
Drop DHH,คลัง TLBC (ศรีราชา),https://maps.app.goo.gl/HJe7dCMvtaVeqPNB8,ด่านบ้านเขาดิน จ.สระแก้ว,https://maps.app.goo.gl/DUwQDLxyPMo4HCJKA,,,,
Drop DHH,โรงงาน F-Plus นครปฐม,https://maps.app.goo.gl/KomnSZ951TZd3Tys9,ด่านบ้้านซับตารี จันทบุรี,https://maps.app.goo.gl/sKv7V8dcGZfqN8qg9,,,,
Drop DHH,คลัง All Now ลาดหลุมแก้ว,https://maps.app.goo.gl/ND7h9cFZdoGe53sy9,ด่านบ้านตาพระยา จ.สระแก้ว,https://maps.app.goo.gl/k1HhbgXXWkQh6Hbj6,,,,
Drop ลิ้มศักดา,คลัง PSP (สมุทรสาคร),https://maps.app.goo.gl/PAbCKdDNpm8gGLXT6,ศูนย์กระจายสินค้า CJ Express DC1 อ.โพธาราม จ.ราชบุรี,https://maps.app.goo.gl/B6fSsAvDBxbQdbPYA,,,,
Drop DHH,บริษัท โตโย ไซกัน (ประเทศไทย) จำกัด,https://maps.app.goo.gl/vR3unALouRjK2uZU6,,,,,,
Drop DHH,บ้านเกาะ สมุทรสาคร,https://maps.app.goo.gl/xZQHXMf2jy4NvWSd8,,,,,,
Drop DHH,บจก. เบอร์ลี่ ยุคเกอร์ ฟู้ดส์ บางเสาธง,https://maps.app.goo.gl/tPY9sgEKja7ibWM36,,,,,,
Drop ลิวกง,บริษัท ลิวกง ยนต์ตระการ จำกัด ,https://maps.app.goo.gl/rCGfgHgJpsGjumz77,บริษัท ลิวกง ยนต์ตระการ จำกัด สาขาราชบุรี,https://maps.app.goo.gl/FSEJaN8eLT8f9xB88,,,,
Drop ลิวกง,บริษัท ลิวกง ยนต์ตระการ จำกัด ,https://maps.app.goo.gl/rCGfgHgJpsGjumz78,บริษัท ส.ศิลาเพชร จำกัด สาขาราชบุรี,https://maps.app.goo.gl/a6TswNEgY6kkhWu5A,,,,
Drop Panel Design,"Panel Design Lab Co., Ltd. อ.เมืองสมุทรสาคร สมุทรสาคร",https://maps.app.goo.gl/Zcbto3akZ4tHopJD8,Smart Home Products ราชพฤกษ์ อ.เมืองนนทบุรี นนทบุรี,https://maps.app.goo.gl/ZxckthH8sB85CbAV6,,,,
เชอ บิวตี้,มบ.บางกอกบูเลอวาร์ดแจ้งวัฒนะ 2,https://maps.app.goo.gl/SXRQ74Z5C4JDKxNNA,ศูนย์กระจายสินค้า CJ Express DC1 อ.โพธาราม จ.ราชบุรี,https://maps.app.goo.gl/B6fSsAvDBxbQdbPYA,,,,
เชอ บิวตี้,มบ.บางกอกบูเลอวาร์ดแจ้งวัฒนะ 3,https://maps.app.goo.gl/SXRQ74Z5C4JDKxNNA,ศูนย์กระจายสินค้า CJ Express อ.บางปะกง ฉะเชิงเทรา(บางวัว 1),https://maps.app.goo.gl/GsbHRNixWi9oJfk58,,,,
เชอ บิวตี้,มบ.บางกอกบูเลอวาร์ดแจ้งวัฒนะ 4,https://maps.app.goo.gl/SXRQ74Z5C4JDKxNNA,ศูนย์กระจายสินค้า CJ Express จ.ขอนแก่น,https://maps.app.goo.gl/QXiQxhrRixzHMqLc7,,,,
Drop Genetic,"FEED SPECIALTIES Co.,Ltd. บริษัท ฟีดสเปเชียลตี้ จำกัด ปทุมธานี",https://maps.app.goo.gl/aVFASA7kgq1oi3D27,อาหารสุนัขเกรดพรีเมียม Genetic เจเนติกส์ ดอนเมือง กทมฯ,https://maps.app.goo.gl/t9CnWMxqiqCupTCq9,,,,
Drop Genetic,บริษัท บลูฟาโล่ เพ็ทแคร์ จำกัด นครปฐม,https://maps.app.goo.gl/CMaAsMsMhWgCC5Li8,อาหารสุนัขเกรดพรีเมียม Genetic เจเนติกส์ ดอนเมือง กทมฯ,https://maps.app.goo.gl/t9CnWMxqiqCupTCq9,,,,
เดโป้-ชลบุรี,,https://maps.app.goo.gl/g8qgbH9uEvq4tuMJ6,,,,,,
เดโป้- พิษณุโลก,,https://maps.app.goo.gl/HtENYWtzLLs9EYPK8,,,,,,
เดโป้ - โคราช,,https://maps.app.goo.gl/4unATwvKoorZPqox6,,,,,,
เดโป้ - ขอนแก่น,,https://maps.app.goo.gl/ggfiXW6kpLZzZKbU9,,,,,,
เดโป้  -  อุดรธานี,,https://maps.app.goo.gl/yXqHrS4WYn6CyaJN8,,,,,,
เดโป้ - อุบลราชธานี,,https://maps.app.goo.gl/hjxPq8o4LKG72h8u8,,,,,,
เดโป้-กาญจนบุรี,,https://maps.app.goo.gl/drq8n7SjMyJyFjyx9,,,,,,