รหัสเจ้าของสินค้า,ชื่อเจ้าของสินค้า,รหัสศูนย์ฯ,ชื่อศูนย์ฯ,รหัสกลุ่มเวนเดอร์,ชื่อกลุ่มเวนเดอร์,คลัง,รหัสสินค้า,ชื่อสินค้า,มาตรฐาน,ชื่อสินค้า2,ชื่อสินค้า3,รหัสUPC,จำนวนบรรจุ(พาเลท),จำนวนบรรจุ(เคส),จำนวนบรรจุ(แพ็ค),ที่เก็บ,สถานะสต๊อก,ประเภทวันที่ควบคุม,วันที่ควบคุม,วันเข้าคลัง,เลขที่ควบคุม,ยอดสต๊อก(พาเลท),ชื่อหน่วย(พาเลท),ยอดสต๊อก(เคส),ชื่อหน่วย(เคส),ยอดสต๊อก(แพ็ค),ชื่อหน่วย(แพ็ค),ยอดสต๊อก(ชิ้น),ชื่อหน่วย,ยอดสต๊อก(ชิ้นรวม),ยอดใช้ได้(พาเลท),ยอดใช้ได้(เคส),ยอดใช้ได้(แพ็ค),ยอดใช้ได้(ชิ้น),ยอดใช้ได้(รวมชิ้น),ยอดจองเพื่อเติม(พาเลท),ยอดจองเพื่อเติม(เคส),ยอดจองเพื่อเติม(แพ็ค),ยอดจองเพื่อเติม(ชิ้น),ยอดจองเพื่อเติม(ชิ้นรวม),ยอดจอง(พาเลท),ยอดจอง(เคส),ยอดจอง(แพ็ค),ยอดจอง(ชิ้น),ยอดจอง(รวมชิ้น),เวลาบันทึก,ผู้บันทึก,เวลาอัปเดต,ผู้อัปเดต
FMC,Formica,Suratthani,Suratthani DC,FMC,Formica,Suratthani,A03200UN082977D,AP 3200 UN 0.8MM 4x8,,,,A03200UN082977D,1,1,1,A-001,Good,,,2025/07/09,REC20250709,0,Unit1,0,Unit2,0,Unit3,89,PCS,89,0,0,0,89,89,0,0,0,0,0,0,0,0,0,0,2025/07/09 12:50:14,DD Service＆Transport,2025/08/29 12:17:22,DD Service＆Transport
FMC,Formica,Suratthani,Suratthani DC,FMC,Formica,Suratthani,HT9657MA072977I,SM 9657 M 0.7MM 4x8 I,,,,HT9657MA072977I,1,1,1,A-001,Good,,,2025/11/26,REC20251126001,0,Unit1,0,Unit2,0,Unit3,20,Pcs,20,0,0,0,20,20,0,0,0,0,0,0,0,0,0,0,2025/11/26 17:11:34,DD Service＆Transport,,
FMC,Formica,Suratthani,Suratthani DC,FMC,Formica,Suratthani,A03200UN082977D,AP 3200 UN 0.8MM 4x8,,,,A03200UN082977D,1,1,1,A-002,Good,,,2025/04/02,REC20250402,0,Unit1,0,Unit2,0,Unit3,115,PCS,115,0,0,0,115,115,0,0,0,0,0,0,0,0,0,0,2025/04/02 07:40:44,DD Service＆Transport,2025/10/21 13:02:43,DD Service＆Transport
FMC,Formica,Suratthani,Suratthani DC,FMC,Formica,Suratthani,A03200UN082977D,AP 3200 UN 0.8MM 4x8,,,,A03200UN082977D,1,1,1,A-002,Good,,,2025/07/09,REC20250709,0,Unit1,0,Unit2,0,Unit3,8,PCS,8,0,0,0,8,8,0,0,0,0,0,0,0,0,0,0,2025/08/29 12:17:22,DD Service＆Transport,,
FMC,Formica,Suratthani,Suratthani DC,FMC,Formica,Suratthani,HT8295MA072977,SM 8295 M 0.7MM 4x8 (9200),,,,HT8295MA072977,1,1,1,A-003,Good,,,2024/08/27,REC20240827,0,Unit1,0,Unit2,0,Unit3,14,Pcs,14,0,0,0,14,14,0,0,0,0,0,0,0,0,0,0,2024/08/27 05:45:26,DD Service＆Transport,2025/06/10 15:43:44,DD Service＆Transport
FMC,Formica,Suratthani,Suratthani DC,FMC,Formica,Suratthani,HT8295MA072977,SM 8295 M 0.7MM 4x8 (9200),,,,HT8295MA072977,1,1,1,A-003,Good,,,2025/04/02,REC20250402,0,Unit1,0,Unit2,0,Unit3,9,Pcs,9,0,0,0,9,9,0,0,0,0,0,0,0,0,0,0,2025/04/02 08:54:37,DD Service＆Transport,2025/05/09 11:24:19,DD Service＆Transport
FMC,Formica,Suratthani,Suratthani DC,FMC,Formica,Suratthani,HT8295MA072977,SM 8295 M 0.7MM 4x8 (9200),,,,HT8295MA072977,1,1,1,A-003,Good,,,2025/07/09,REC20250709,0,Unit1,0,Unit2,0,Unit3,40,Pcs,40,0,0,0,40,40,0,0,0,0,0,0,0,0,0,0,2025/07/09 05:33:30,DD Service＆Transport,,
FMC,Formica,Suratthani,Suratthani DC,FMC,Formica,Suratthani,A08846NT082977D,AP 8846 NT 0.8MM 4x8,,,,A08846NT082977D,1,1,1,A-004,Good,,,2025/06/05,REC20250605,0,Unit1,0,Unit2,0,Unit3,13,PCS,13,0,0,0,13,13,0,0,0,0,0,0,0,0,0,0,2025/06/05 04:10:29,DD Service＆Transport,2025/11/18 13:27:44,DD Service＆Transport
FMC,Formica,Suratthani,Suratthani DC,FMC,Formica,Suratthani,A08846NT082977D,AP 8846 NT 0.8MM 4x8,,,,A08846NT082977D,1,1,1,A-004,Good,,,2025/07/09,REC20250709,0,Unit1,0,Unit2,0,Unit3,20,PCS,20,0,0,0,20,20,0,0,0,0,0,0,0,0,0,0,2025/07/09 05:31:06,DD Service＆Transport,,
FMC,Formica,Suratthani,Suratthani DC,FMC,Formica,Suratthani,A08846NT082977D,AP 8846 NT 0.8MM 4x8,,,,A08846NT082977D,1,1,1,A-004,Good,,,2025/10/20,REC20251020,0,Unit1,0,Unit2,0,Unit3,20,PCS,20,0,0,0,20,20,0,0,0,0,0,0,0,0,0,0,2025/10/20 18:19:12,DD Service＆Transport,,
FMC,Formica,Suratthani,Suratthani DC,FMC,Formica,Suratthani,A06412NG082977D,AP 6412 NG 0.8MM 4x8,,,,A06412NG082977D,1,1,1,A-005,Good,,,2024/02/09,REC20240208001,0,Unit1,0,Unit2,0,Unit3,39,PCS,39,0,0,0,39,39,0,0,0,0,0,0,0,0,0,0,2024/02/09 13:36:14,pakchong,2025/10/10 17:15:36,DD Service＆Transport
FMC,Formica,Suratthani,Suratthani DC,FMC,Formica,Suratthani,A06412NG082977D,AP 6412 NG 0.8MM 4x8,,,,A06412NG082977D,1,1,1,A-005,Good,,,2024/03/28,REC20240328001,0,Unit1,0,Unit2,0,Unit3,2,PCS,2,0,0,0,2,2,0,0,0,0,0,0,0,0,0,0,2024/03/28 17:02:30,DD Service＆Transport,,
FMC,Formica,Suratthani,Suratthani DC,FMC,Formica,Suratthani,A06412NG082977D,AP 6412 NG 0.8MM 4x8,,,,A06412NG082977D,1,1,1,A-005,Good,,,2024/11/11,REC20241111,0,Unit1,0,Unit2,0,Unit3,10,PCS,10,0,0,0,10,10,0,0,0,0,0,0,0,0,0,0,2024/11/11 09:58:30,DD Service＆Transport,,
FMC,Formica,Suratthani,Suratthani DC,FMC,Formica,Suratthani,A06412NG082977D,AP 6412 NG 0.8MM 4x8,,,,A06412NG082977D,1,1,1,A-005,Good,,,2025/06/05,REC20250605,0,Unit1,0,Unit2,0,Unit3,14,PCS,14,0,0,0,14,14,0,0,0,0,0,0,0,0,0,0,2025/06/05 04:06:50,DD Service＆Transport,,
FMC,Formica,Suratthani,Suratthani DC,FMC,Formica,Suratthani,A08844NT082977D,AP 8844 NT 0.8MM 4x8,,,,A08844NT082977D,1,1,1,A-006,Good,,,2024/02/09,REC20240208001,0,Unit1,0,Unit2,0,Unit3,34,PCS,34,0,0,0,34,34,0,0,0,0,0,0,0,0,0,0,2024/02/09 13:36:14,pakchong,2025/07/03 12:27:43,DD Service＆Transport
FMC,Formica,Suratthani,Suratthani DC,FMC,Formica,Suratthani,A08844NT082977D,AP 8844 NT 0.8MM 4x8,,,,A08844NT082977D,1,1,1,A-006,Good,,,2024/11/11,REC20241111,0,Unit1,0,Unit2,0,Unit3,10,PCS,10,0,0,0,10,10,0,0,0,0,0,0,0,0,0,0,2024/11/11 10:05:29,DD Service＆Transport,,
FMC,Formica,Suratthani,Suratthani DC,FMC,Formica,Suratthani,A08844NT082977D,AP 8844 NT 0.8MM 4x8,,,,A08844NT082977D,1,1,1,A-006,Good,,,2025/01/10,REC20250110,0,Unit1,0,Unit2,0,Unit3,23,PCS,23,0,0,0,23,23,0,0,0,0,0,0,0,0,0,0,2025/01/10 17:55:32,DD Service＆Transport,,
FMC,Formica,Suratthani,Suratthani DC,FMC,Formica,Suratthani,A08844NT082977D,AP 8844 NT 0.8MM 4x8,,,,A08844NT082977D,1,1,1,A-006,Good,,,2025/04/02,REC20250402,0,Unit1,0,Unit2,0,Unit3,7,PCS,7,0,0,0,7,7,0,0,0,0,0,0,0,0,0,0,2025/04/02 08:48:12,DD Service＆Transport,,
FMC,Formica,Suratthani,Suratthani DC,FMC,Formica,Suratthani,008124MB072977,PP 8124 MB 0.7mm.x 4x 8,,,,008124MB072977,1,1,1,A-007,Good,,,2024/02/09,REC20240208001,0,Unit1,0,Unit2,0,Unit3,19,PCS,19,0,0,0,19,19,0,0,0,0,0,0,0,0,0,0,2025/02/21 13:44:25,DD Service＆Transport,,
FMC,Formica,Suratthani,Suratthani DC,FMC,Formica,Suratthani,008124MB072977,PP 8124 MB 0.7mm.x 4x 8,,,,008124MB072977,1,1,1,A-007,Good,,,2024/11/11,REC20241111,0,Unit1,0,Unit2,0,Unit3,5,PCS,5,0,0,0,5,5,0,0,0,0,0,0,0,0,0,0,2025/02/21 13:44:25,DD Service＆Transport,,
FMC,Formica,Suratthani,Suratthani DC,FMC,Formica,Suratthani,HT6625MA072977I,SM 6625 M 0.7MM 4X8 I,,,,HT6625MA072977I,1,1,1,A-008,Good,,,2025/10/16,REC20251016,0,Unit1,0,Unit2,0,Unit3,13,Pcs,13,0,0,0,13,13,0,0,0,0,0,0,0,0,0,0,2025/10/16 10:30:16,DD Service＆Transport,2025/11/21 13:25:45,DD Service＆Transport
FMC,Formica,Suratthani,Suratthani DC,FMC,Formica,Suratthani,HT8295MA072977I,SM 8295 M 0.7MM 4x8 I,,,,HT8295MA072977I,1,1,1,A-008,Good,,,2025/10/16,REC20251016,0,Unit1,0,Unit2,0,Unit3,40,Pcs,40,0,0,0,40,40,0,0,0,0,0,0,0,0,0,0,2025/11/11 12:32:30,DD Service＆Transport,,
FMC,Formica,Suratthani,Suratthani DC,FMC,Formica,Suratthani,A09281NG082977D,AP 9281 NG 0.8MM 4x8,,,,A09281NG082977D,1,1,1,A-009,Good,,,2025/09/05,REC20250905,0,พาเลท,0,เคส,0,แพ็ค,18,ชิ้น,18,0,0,0,18,18,0,0,0,0,0,0,0,0,0,0,2025/09/05 11:02:57,DD Service＆Transport,2025/09/25 17:38:16,DD Service＆Transport
FMC,Formica,Suratthani,Suratthani DC,FMC,Formica,Suratthani,A09281NG082977D,AP 9281 NG 0.8MM 4x8,,,,A09281NG082977D,1,1,1,A-009,Good,,,2025/10/20,REC20251020,0,พาเลท,0,เคส,0,แพ็ค,20,ชิ้น,20,0,0,0,20,20,0,0,0,0,0,0,0,0,0,0,2025/10/20 04:36:46,DD Service＆Transport,,
FMC,Formica,Suratthani,Suratthani DC,FMC,Formica,Suratthani,HT9207MA072977N,SM 9207 M 0.7MM 4x8 N (0909),,,,HT9207MA072977N,1,1,1,A-010,Good,,,2025/11/26,REC20251126001,0,Unit1,0,Unit2,0,Unit3,7,Pcs,7,0,0,0,7,7,0,0,0,0,0,0,0,0,0,0,2025/11/26 17:11:25,DD Service＆Transport,2025/11/26 17:52:20,DD Service＆Transport
FMC,Formica,Suratthani,Suratthani DC,FMC,Formica,Suratthani,008122MB072977,PP 8122 MB 0.7mm.x 4x 8,,,,008122MB072977,1,1,1,ALL,Good,,,2025/01/10,REC20250110,0,Unit1,0,Unit2,0,Unit3,19,PCS,19,0,0,0,19,19,0,0,0,0,0,0,0,0,0,0,2025/01/10 10:32:06,DD Service＆Transport,2025/06/09 18:43:59,DD Service＆Transport
FMC,Formica,Suratthani,Suratthani DC,FMC,Formica,Suratthani,008122MB072977,PP 8122 MB 0.7mm.x 4x 8,,,,008122MB072977,1,1,1,ALL,Good,,,2025/04/02,REC20250402,0,Unit1,0,Unit2,0,Unit3,20,PCS,20,0,0,0,20,20,0,0,0,0,0,0,0,0,0,0,2025/04/02 07:35:21,DD Service＆Transport,,
FMC,Formica,Suratthani,Suratthani DC,FMC,Formica,Suratthani,A00932AB082977E,AP 0932 AB 0.8MM 4x8 E,,,,A00932AB082977E,1,1,1,ALL,Good,,,2025/11/26,REC20251126001,0,Unit1,0,Unit2,0,Unit3,10,PCS,10,0,0,0,10,10,0,0,0,0,0,0,0,0,0,0,2025/11/26 17:08:14,DD Service＆Transport,,
FMC,Formica,Suratthani,Suratthani DC,FMC,Formica,Suratthani,A05486NT082977D,AP 5486 NT 0.8MM 4x8,,,,A05486NT082977D,1,1,1,ALL,Good,,,2025/11/26,REC20251126001,0,Unit1,0,Unit2,0,Unit3,20,PCS,20,0,0,0,20,20,0,0,0,0,0,0,0,0,0,0,2025/11/26 17:08:48,DD Service＆Transport,,
FMC,Formica,Suratthani,Suratthani DC,FMC,Formica,Suratthani,A07929UN082977D,AP 7929 UN 0.8MM 4x8 (0929),,,,A07929UN082977D,1,1,1,ALL,Good,,,2025/11/26,REC20251126001,0,Unit1,0,Unit2,0,Unit3,20,PCS,20,0,0,0,20,20,0,0,0,0,0,0,0,0,0,0,2025/11/26 17:09:39,DD Service＆Transport,,
FMC,Formica,Suratthani,Suratthani DC,FMC,Formica,Suratthani,A07934UN082977D,AP 7934 UN 0.8MM 4x8,,,,A07934UN082977D,1,1,1,ALL,Good,,,2025/11/26,REC20251126001,0,Unit1,0,Unit2,0,Unit3,20,PCS,20,0,0,0,20,20,0,0,0,0,0,0,0,0,0,0,2025/11/26 17:10:01,DD Service＆Transport,,
FMC,Formica,Suratthani,Suratthani DC,FMC,Formica,Suratthani,A08848NT082977E,AP 8848 NT 0.8MM 4x8 E,,,,A08848NT082977E,1,1,1,ALL,Good,,,2025/11/26,REC20251126001,0,Unit1,0,Unit2,0,Unit3,10,PCS,10,0,0,0,10,10,0,0,0,0,0,0,0,0,0,0,2025/11/26 17:10:38,DD Service＆Transport,,
FMC,Formica,Suratthani,Suratthani DC,FMC,Formica,Suratthani,HT0928MA072977I,SM 0928 M 0.7MM 4X8 I,,,,HT0928MA072977I,1,1,1,ALL,Good,,,2025/10/16,REC20251016,0,Unit1,0,Unit2,0,Unit3,40,Pcs,40,0,0,0,40,40,0,0,0,0,0,0,0,0,0,0,2025/10/16 10:30:33,DD Service＆Transport,,
FMC,Formica,Suratthani,Suratthani DC,FMC,Formica,Suratthani,HT8298MA072977I,SM 8298 M 0.7MM 4x8 I,,,,HT8298MA072977I,1,1,1,ALL,Good,,,2025/10/16,REC20251016,0,Unit1,0,Unit2,0,Unit3,40,Pcs,40,0,0,0,40,40,0,0,0,0,0,0,0,0,0,0,2025/10/16 10:31:09,DD Service＆Transport,,
FMC,Formica,Suratthani,Suratthani DC,FMC,Formica,Suratthani,HT8633MA072977I,SM 8633 M 0.7MM 4x8 I,,,,HT8633MA072977I,1,1,1,ALL,Good,,,2025/10/16,REC20251016,0,Unit1,0,Unit2,0,Unit3,40,Pcs,40,0,0,0,40,40,0,0,0,0,0,0,0,0,0,0,2025/10/16 10:31:18,DD Service＆Transport,,
FMC,Formica,Suratthani,Suratthani DC,FMC,Formica,Suratthani,HT8649MA072977I,SM 8649 M 0.7MM 4x8 I,,,,HT8649MA072977I,1,1,1,ALL,Good,,,2025/10/16,REC20251016,0,Unit1,0,Unit2,0,Unit3,40,Pcs,40,0,0,0,40,40,0,0,0,0,0,0,0,0,0,0,2025/10/16 10:31:28,DD Service＆Transport,,
FMC,Formica,Suratthani,Suratthani DC,FMC,Formica,Suratthani,A07949UN082977D,AP 7949 UN 0.8MM 4x8 (0949),,,,A07949UN082977D,1,1,1,B-001,Good,,,2024/11/26,REC20241126,0,Unit1,0,Unit2,0,Unit3,16,PCS,16,0,0,0,16,16,0,0,0,0,0,0,0,0,0,0,2024/11/26 06:51:23,DD Service＆Transport,,
FMC,Formica,Suratthani,Suratthani DC,FMC,Formica,Suratthani,A07949UN082977D,AP 7949 UN 0.8MM 4x8 (0949),,,,A07949UN082977D,1,1,1,B-001,Good,,,2025/01/10,REC20250110,0,Unit1,0,Unit2,0,Unit3,112,PCS,112,0,0,0,112,112,0,0,0,0,0,0,0,0,0,0,2025/01/10 10:35:45,DD Service＆Transport,,
FMC,Formica,Suratthani,Suratthani DC,FMC,Formica,Suratthani,A07949UN082977D,AP 7949 UN 0.8MM 4x8 (0949),,,,A07949UN082977D,1,1,1,B-002,Good,,,2024/07/11,REC202400711,0,Unit1,0,Unit2,0,Unit3,3,PCS,3,0,0,0,3,3,0,0,0,0,0,0,0,0,0,0,2024/07/11 16:14:43,DD Service＆Transport,2025/12/01 17:18:21,DD Service＆Transport
FMC,Formica,Suratthani,Suratthani DC,FMC,Formica,Suratthani,A07949UN082977D,AP 7949 UN 0.8MM 4x8 (0949),,,,A07949UN082977D,1,1,1,B-002,Good,,,2025/04/02,REC20250402,0,Unit1,0,Unit2,0,Unit3,29,PCS,29,0,0,0,29,29,0,0,0,0,0,0,0,0,0,0,2025/04/02 08:47:55,DD Service＆Transport,2025/04/02 08:47:55,DD Service＆Transport
FMC,Formica,Suratthani,Suratthani DC,FMC,Formica,Suratthani,A07949UN082977D,AP 7949 UN 0.8MM 4x8 (0949),,,,A07949UN082977D,1,1,1,B-002,Good,,,2025/06/05,REC20250605,0,Unit1,0,Unit2,0,Unit3,45,PCS,45,0,0,0,45,45,0,0,0,0,0,0,0,0,0,0,2025/06/05 04:09:18,DD Service＆Transport,,
FMC,Formica,Suratthani,Suratthani DC,FMC,Formica,Suratthani,HT6890MA072977I,SM 6890 M 0.7MM 4x8 I,,,,HT6890MA072977I,1,1,1,B-003,Good,,,2025/11/04,REC20251103,0,Unit1,0,Unit2,0,Unit3,4,Pcs,4,0,0,0,4,4,0,0,0,0,0,0,0,0,0,0,2025/11/04 11:11:00,DD Service＆Transport,2025/12/03 11:59:47,DD Service＆Transport
FMC,Formica,Suratthani,Suratthani DC,FMC,Formica,Suratthani,A01040UN082977D,AP 1040 UN 0.8MM 4x8 (1050),,,,A01040UN082977D,1,1,1,B-004,Good,,,2024/11/11,REC20241111,0,Unit1,0,Unit2,0,Unit3,5,PCS,5,0,0,0,5,5,0,0,0,0,0,0,0,0,0,0,2024/11/11 09:54:41,DD Service＆Transport,2025/11/03 13:22:56,DD Service＆Transport
FMC,Formica,Suratthani,Suratthani DC,FMC,Formica,Suratthani,A01040UN082977D,AP 1040 UN 0.8MM 4x8 (1050),,,,A01040UN082977D,1,1,1,B-004,Good,,,2025/04/02,REC20250402,0,Unit1,0,Unit2,0,Unit3,23,PCS,23,0,0,0,23,23,0,0,0,0,0,0,0,0,0,0,2025/04/02 07:39:28,DD Service＆Transport,,
FMC,Formica,Suratthani,Suratthani DC,FMC,Formica,Suratthani,A00806UN082977E,AP 0806 UN 0.8MM 4x8 E,,,,A00806UN082977E,1,1,1,B-005,Good,,,2024/11/11,REC20241111,0,Unit1,0,Unit2,0,Unit3,19,PCS,19,0,0,0,19,19,0,0,0,0,0,0,0,0,0,0,2024/11/11 09:50:22,DD Service＆Transport,2025/09/03 18:00:33,DD Service＆Transport
FMC,Formica,Suratthani,Suratthani DC,FMC,Formica,Suratthani,A00806UN082977E,AP 0806 UN 0.8MM 4x8 E,,,,A00806UN082977E,1,1,1,B-005,Good,,,2024/11/26,REC20241126,0,Unit1,0,Unit2,0,Unit3,8,PCS,8,0,0,0,8,8,0,0,0,0,0,0,0,0,0,0,2024/11/26 06:47:01,DD Service＆Transport,2024/12/12 11:36:24,DD Service＆Transport
FMC,Formica,Suratthani,Suratthani DC,FMC,Formica,Suratthani,A00806UN082977E,AP 0806 UN 0.8MM 4x8 E,,,,A00806UN082977E,1,1,1,B-005,Good,,,2025/04/02,REC20250402,0,Unit1,0,Unit2,0,Unit3,4,PCS,4,0,0,0,4,4,0,0,0,0,0,0,0,0,0,0,2025/04/02 07:36:42,DD Service＆Transport,,
FMC,Formica,Suratthani,Suratthani DC,FMC,Formica,Suratthani,A08841D8082977D,AP 8841 D8 0.8MM 4x8,,,,A08841D8082977D,1,1,1,B-007,Good,,,2024/02/09,REC20240208001,0,Unit1,0,Unit2,0,Unit3,19,PCS,19,0,0,0,19,19,0,0,0,0,0,0,0,0,0,0,2024/02/09 13:36:13,pakchong,2025/08/06 14:08:15,DD Service＆Transport
FMC,Formica,Suratthani,Suratthani DC,FMC,Formica,Suratthani,A07921UN082977D,AP 7921 UN 0.8MM 4x8 (0921),,,,A07921UN082977D,1,1,1,B-008,Good,,,2025/01/10,REC20250110,0,Unit1,0,Unit2,0,Unit3,1,PCS,1,0,0,0,1,1,0,0,0,0,0,0,0,0,0,0,2025/01/10 10:35:10,DD Service＆Transport,2025/10/09 13:32:30,DD Service＆Transport
FMC,Formica,Suratthani,Suratthani DC,FMC,Formica,Suratthani,A07921UN082977D,AP 7921 UN 0.8MM 4x8 (0921),,,,A07921UN082977D,1,1,1,B-008,Good,,,2025/02/21,REC20250221,0,Unit1,0,Unit2,0,Unit3,20,PCS,20,0,0,0,20,20,0,0,0,0,0,0,0,0,0,0,2025/02/21 06:36:38,DD Service＆Transport,,
FMC,Formica,Suratthani,Suratthani DC,FMC,Formica,Suratthani,A01093UN082977D,AP 1093 UN 0.8MM 4x8,,,,A01093UN082977D,1,1,1,B-009,Good,,,2025/10/20,REC20251020,0,Unit1,0,Unit2,0,Unit3,20,PCS,20,0,0,0,20,20,0,0,0,0,0,0,0,0,0,0,2025/10/20 18:19:12,DD Service＆Transport,,
FMC,Formica,Suratthani,Suratthani DC,FMC,Formica,Suratthani,HT5807MA072977,SM 5807 M 0.7MM 4x8,,,,HT5807MA072977,1,1,1,B-010,Good,,,2025/04/02,REC20250402,0,Unit1,0,Unit2,0,Unit3,8,Pcs,8,0,0,0,8,8,0,0,0,0,0,0,0,0,0,0,2025/04/02 08:51:39,DD Service＆Transport,2025/12/01 18:02:50,DD Service＆Transport
FMC,Formica,Suratthani,Suratthani DC,FMC,Formica,Suratthani,HT5807MA072977,SM 5807 M 0.7MM 4x8,,,,HT5807MA072977,1,1,1,B-010,Good,,,2025/11/26,REC20251126001,0,Unit1,0,Unit2,0,Unit3,20,Pcs,20,0,0,0,20,20,0,0,0,0,0,0,0,0,0,0,2025/11/26 17:10:54,DD Service＆Transport,,
FMC,Formica,Suratthani,Suratthani DC,FMC,Formica,Suratthani,A00927UN082977D,AP 0927 UN 0.8MM 4x8,,,,A00927UN082977D,1,1,1,B-011,Good,,,2025/07/09,REC20250709,0,Unit1,0,Unit2,0,Unit3,18,PCS,18,0,0,0,18,18,0,0,0,0,0,0,0,0,0,0,2025/07/09 12:38:17,DD Service＆Transport,2025/11/10 14:22:25,DD Service＆Transport
FMC,Formica,Suratthani,Suratthani DC,FMC,Formica,Suratthani,A07949AB082977E,AP 7949 AB 0.8MM 4x8 E(0949),,,,A07949AB082977E,1,1,1,C-001,Good,,,2024/07/11,REC202400711,0,Unit1,0,Unit2,0,Unit3,3,PCS,3,0,0,0,3,3,0,0,0,0,0,0,0,0,0,0,2024/07/11 10:33:50,DD Service＆Transport,2025/08/06 11:27:01,DD Service＆Transport
FMC,Formica,Suratthani,Suratthani DC,FMC,Formica,Suratthani,A07949AB082977E,AP 7949 AB 0.8MM 4x8 E(0949),,,,A07949AB082977E,1,1,1,C-001,Good,,,2024/11/11,REC20241111,0,Unit1,0,Unit2,0,Unit3,65,PCS,65,0,0,0,65,65,0,0,0,0,0,0,0,0,0,0,2024/11/11 10:04:07,DD Service＆Transport,,
FMC,Formica,Suratthani,Suratthani DC,FMC,Formica,Suratthani,A07949AB082977E,AP 7949 AB 0.8MM 4x8 E(0949),,,,A07949AB082977E,1,1,1,C-001,Good,,,2025/01/10,REC20250110,0,Unit1,0,Unit2,0,Unit3,9,PCS,9,0,0,0,9,9,0,0,0,0,0,0,0,0,0,0,2025/01/10 10:35:31,DD Service＆Transport,,
FMC,Formica,Suratthani,Suratthani DC,FMC,Formica,Suratthani,A07949AB082977E,AP 7949 AB 0.8MM 4x8 E(0949),,,,A07949AB082977E,1,1,1,C-001,Good,,,2025/04/02,REC20250402,0,Unit1,0,Unit2,0,Unit3,30,PCS,30,0,0,0,30,30,0,0,0,0,0,0,0,0,0,0,2025/04/02 08:46:57,DD Service＆Transport,2025/04/02 16:00:31,DD Service＆Transport
FMC,Formica,Suratthani,Suratthani DC,FMC,Formica,Suratthani,A07949AB082977E,AP 7949 AB 0.8MM 4x8 E(0949),,,,A07949AB082977E,1,1,1,C-002,Good,,,2024/07/11,REC202400711,0,Unit1,0,Unit2,0,Unit3,2,PCS,2,0,0,0,2,2,0,0,0,0,0,0,0,0,0,0,2025/08/06 11:27:01,DD Service＆Transport,,
FMC,Formica,Suratthani,Suratthani DC,FMC,Formica,Suratthani,A07949AB082977E,AP 7949 AB 0.8MM 4x8 E(0949),,,,A07949AB082977E,1,1,1,C-002,Good,,,2024/02/09,REC20240208001,0,Unit1,0,Unit2,0,Unit3,6,PCS,6,0,0,0,6,6,0,0,0,0,0,0,0,0,0,0,2024/02/09 13:36:13,pakchong,2025/12/01 16:58:21,DD Service＆Transport
FMC,Formica,Suratthani,Suratthani DC,FMC,Formica,Suratthani,A07949AB082977E,AP 7949 AB 0.8MM 4x8 E(0949),,,,A07949AB082977E,1,1,1,C-002,Good,,,2025/04/02,REC20250402,0,Unit1,0,Unit2,0,Unit3,35,PCS,35,0,0,0,35,35,0,0,0,0,0,0,0,0,0,0,2025/04/02 16:00:31,DD Service＆Transport,,
FMC,Formica,Suratthani,Suratthani DC,FMC,Formica,Suratthani,A07949AB082977E,AP 7949 AB 0.8MM 4x8 E(0949),,,,A07949AB082977E,1,1,1,C-002,Good,,,2025/06/05,REC20250605,0,Unit1,0,Unit2,0,Unit3,56,PCS,56,0,0,0,56,56,0,0,0,0,0,0,0,0,0,0,2025/06/05 04:08:48,DD Service＆Transport,,
FMC,Formica,Suratthani,Suratthani DC,FMC,Formica,Suratthani,A07949AB082977E,AP 7949 AB 0.8MM 4x8 E(0949),,,,A07949AB082977E,1,1,1,C-002,Good,,,2025/07/09,REC20250709,0,Unit1,0,Unit2,0,Unit3,37,PCS,37,0,0,0,37,37,0,0,0,0,0,0,0,0,0,0,2025/07/09 05:30:31,DD Service＆Transport,,
FMC,Formica,Suratthani,Suratthani DC,FMC,Formica,Suratthani,HT0587MA072977,SM 0587 M 0.7MM 4x8,,,,HT0587MA072977,1,1,1,C-003,Good,,,2025/04/02,REC20250402,0,Unit1,0,Unit2,0,Unit3,19,Pcs,19,0,0,0,19,19,0,0,0,0,0,0,0,0,0,0,2025/04/02 08:50:02,DD Service＆Transport,2025/10/14 16:14:53,DD Service＆Transport
FMC,Formica,Suratthani,Suratthani DC,FMC,Formica,Suratthani,HT0587MA072977,SM 0587 M 0.7MM 4x8,,,,HT0587MA072977,1,1,1,C-003,Good,,,2025/07/09,REC20250709,0,Unit1,0,Unit2,0,Unit3,40,Pcs,40,0,0,0,40,40,0,0,0,0,0,0,0,0,0,0,2025/07/09 05:31:16,DD Service＆Transport,,
FMC,Formica,Suratthani,Suratthani DC,FMC,Formica,Suratthani,HT0587MA072977I,SM 0587 M 0.7MM 4x8 I,,,,HT0587MA072977I,1,1,1,C-003,Good,,,2025/10/16,REC20251016,0,Unit1,0,Unit2,0,Unit3,40,Pcs,40,0,0,0,40,40,0,0,0,0,0,0,0,0,0,0,2025/11/11 12:32:30,DD Service＆Transport,,
FMC,Formica,Suratthani,Suratthani DC,FMC,Formica,Suratthani,A00459UN082977D,AP 0459 UN 0.8MM 4x8,,,,A00459UN082977D,1,1,1,C-004,Good,,,2025/01/10,REC20250110,0,Unit1,0,Unit2,0,Unit3,1,PCS,1,0,0,0,1,1,0,0,0,0,0,0,0,0,0,0,2025/01/10 10:32:29,DD Service＆Transport,2025/10/10 12:43:14,DD Service＆Transport
FMC,Formica,Suratthani,Suratthani DC,FMC,Formica,Suratthani,A00459UN082977D,AP 0459 UN 0.8MM 4x8,,,,A00459UN082977D,1,1,1,C-004,Good,,,2025/04/02,REC20250402,0,Unit1,0,Unit2,0,Unit3,20,PCS,20,0,0,0,20,20,0,0,0,0,0,0,0,0,0,0,2025/04/02 07:36:05,DD Service＆Transport,,
FMC,Formica,Suratthani,Suratthani DC,FMC,Formica,Suratthani,A00784UN082977D,AP 0784 UN 0.8MM 4x8,,,,A00784UN082977D,1,1,1,C-005,Good,,,2025/04/02,REC20250402,0,Unit1,0,Unit2,0,Unit3,4,PCS,4,0,0,0,4,4,0,0,0,0,0,0,0,0,0,0,2025/04/02 07:36:21,DD Service＆Transport,2025/12/02 17:30:03,DD Service＆Transport
FMC,Formica,Suratthani,Suratthani DC,FMC,Formica,Suratthani,A00784UN082977D,AP 0784 UN 0.8MM 4x8,,,,A00784UN082977D,1,1,1,C-005,Good,,,2025/06/05,REC20250605,0,Unit1,0,Unit2,0,Unit3,7,PCS,7,0,0,0,7,7,0,0,0,0,0,0,0,0,0,0,2025/06/05 04:04:33,DD Service＆Transport,,
FMC,Formica,Suratthani,Suratthani DC,FMC,Formica,Suratthani,A08845NT082977D,AP 8845 NT 0.8MM 4x8,,,,A08845NT082977D,1,1,1,C-006,Good,,,2025/06/05,REC20250605,0,Unit1,0,Unit2,0,Unit3,5,PCS,5,0,0,0,5,5,0,0,0,0,0,0,0,0,0,0,2025/06/05 11:18:21,DD Service＆Transport,2025/11/26 16:13:57,DD Service＆Transport
FMC,Formica,Suratthani,Suratthani DC,FMC,Formica,Suratthani,A08845NT082977D,AP 8845 NT 0.8MM 4x8,,,,A08845NT082977D,1,1,1,C-006,Good,,,2025/10/20,REC20251020,0,Unit1,0,Unit2,0,Unit3,20,PCS,20,0,0,0,20,20,0,0,0,0,0,0,0,0,0,0,2025/10/20 18:19:12,DD Service＆Transport,,
FMC,Formica,Suratthani,Suratthani DC,FMC,Formica,Suratthani,A00837UN082977E,AP 0837 UN 0.8MM 4x8 E,,,,A00837UN082977E,1,1,1,C-007,Good,,,2024/11/26,REC20241126,0,Unit1,0,Unit2,0,Unit3,6,PCS,6,0,0,0,6,6,0,0,0,0,0,0,0,0,0,0,2024/11/26 06:47:36,DD Service＆Transport,2025/06/10 15:43:44,DD Service＆Transport
FMC,Formica,Suratthani,Suratthani DC,FMC,Formica,Suratthani,A00837UN082977E,AP 0837 UN 0.8MM 4x8 E,,,,A00837UN082977E,1,1,1,C-007,Good,,,2025/02/21,REC20250221,0,Unit1,0,Unit2,0,Unit3,20,PCS,20,0,0,0,20,20,0,0,0,0,0,0,0,0,0,0,2025/02/21 06:33:47,DD Service＆Transport,,
FMC,Formica,Suratthani,Suratthani DC,FMC,Formica,Suratthani,A01097UN082977D,AP 1097 UN 0.8MM 4x8,,,,A01097UN082977D,1,1,1,C-008,Good,,,2024/02/09,REC20240208001,0,Unit1,0,Unit2,0,Unit3,3,PCS,3,0,0,0,3,3,0,0,0,0,0,0,0,0,0,0,2024/02/09 13:36:13,pakchong,2025/09/10 15:24:55,DD Service＆Transport
FMC,Formica,Suratthani,Suratthani DC,FMC,Formica,Suratthani,A01097UN082977D,AP 1097 UN 0.8MM 4x8,,,,A01097UN082977D,1,1,1,C-008,Good,,,2025/02/21,REC20250221,0,Unit1,0,Unit2,0,Unit3,20,PCS,20,0,0,0,20,20,0,0,0,0,0,0,0,0,0,0,2025/02/21 06:35:13,DD Service＆Transport,,
FMC,Formica,Suratthani,Suratthani DC,FMC,Formica,Suratthani,A00867NT082977D,AP 0867 NT 0.8MM 4x8,,,,A00867NT082977D,1,1,1,C-009,Good,,,2025/02/21,REC20250221,0,Unit1,0,Unit2,0,Unit3,10,PCS,10,0,0,0,10,10,0,0,0,0,0,0,0,0,0,0,2025/02/21 06:33:59,DD Service＆Transport,2025/10/03 14:35:41,DD Service＆Transport
FMC,Formica,Suratthani,Suratthani DC,FMC,Formica,Suratthani,A00867NT082977D,AP 0867 NT 0.8MM 4x8,,,,A00867NT082977D,1,1,1,C-009,Good,,,2025/11/26,REC20251126001,0,Unit1,0,Unit2,0,Unit3,40,PCS,40,0,0,0,40,40,0,0,0,0,0,0,0,0,0,0,2025/11/26 17:07:41,DD Service＆Transport,,
FMC,Formica,Suratthani,Suratthani DC,FMC,Formica,Suratthani,007157SD082977N,PP 7157 SD 0.8MM 4x8 N,,,,007157SD082977N,1,1,1,C-010,Good,,,2025/07/09,REC20250709,0,Unit1,0,Unit2,0,Unit3,10,Pcs,10,0,0,0,10,10,0,0,0,0,0,0,0,0,0,0,2025/07/09 05:26:12,DD Service＆Transport,2025/08/18 17:58:54,DD Service＆Transport
FMC,Formica,Suratthani,Suratthani DC,FMC,Formica,Suratthani,007157SD082977N,PP 7157 SD 0.8MM 4x8 N,,,,007157SD082977N,1,1,1,C-010,Good,,,2025/11/26,REC20251126001,0,Unit1,0,Unit2,0,Unit3,20,Pcs,20,0,0,0,20,20,0,0,0,0,0,0,0,0,0,0,2025/11/26 17:07:31,DD Service＆Transport,,
FMC,Formica,Suratthani,Suratthani DC,FMC,Formica,Suratthani,HT8295HG072977,SM 8295 G 0.7MM 4x8 (9200),,,,HT8295HG072977,1,1,1,C-011,Good,,,2025/06/05,REC20250605,0,Unit1,0,Unit2,0,Unit3,3,Pcs,3,0,0,0,3,3,0,0,0,0,0,0,0,0,0,0,2025/06/05 04:13:11,DD Service＆Transport,2025/12/04 12:02:32,DD Service＆Transport
FMC,Formica,Suratthani,Suratthani DC,FMC,Formica,Suratthani,HT8295HG072977,SM 8295 G 0.7MM 4x8 (9200),,,,HT8295HG072977,1,1,1,C-011,Good,,,2025/11/26,REC20251126001,0,Unit1,0,Unit2,0,Unit3,20,Pcs,20,0,0,0,20,20,0,0,0,0,0,0,0,0,0,0,2025/11/26 17:11:02,DD Service＆Transport,,
FMC,Formica,Suratthani,Suratthani DC,FMC,Formica,Suratthani,A00860NT082977D,AP 0860 NT 0.8MM 4x8,,,,A00860NT082977D,1,1,1,D-001,Good,,,2025/10/20,REC20251020,0,Unit1,0,Unit2,0,Unit3,79,PCS,79,0,0,0,79,79,0,0,0,0,0,0,0,0,0,0,2025/10/20 03:43:26,DD Service＆Transport,2025/11/26 13:50:07,DD Service＆Transport
FMC,Formica,Suratthani,Suratthani DC,FMC,Formica,Suratthani,HT6877MA072977,SM 6877 M 0.7MM 4x8,,,,HT6877MA072977,1,1,1,D-002,Good,,,2025/06/05,REC20250605,0,Unit1,0,Unit2,0,Unit3,23,Pcs,23,0,0,0,23,23,0,0,0,0,0,0,0,0,0,0,2025/06/05 04:13:02,DD Service＆Transport,2025/08/15 16:46:33,DD Service＆Transport
FMC,Formica,Suratthani,Suratthani DC,FMC,Formica,Suratthani,A07197UN082977D,AP 7197 UN 0.8MM 4x8,,,,A07197UN082977D,1,1,1,D-003,Good,,,2025/04/02,REC20250402,0,Unit1,0,Unit2,0,Unit3,4,PCS,4,0,0,0,4,4,0,0,0,0,0,0,0,0,0,0,2025/04/02 15:59:28,DD Service＆Transport,2025/06/09 18:43:59,DD Service＆Transport
FMC,Formica,Suratthani,Suratthani DC,FMC,Formica,Suratthani,A07197UN082977D,AP 7197 UN 0.8MM 4x8,,,,A07197UN082977D,1,1,1,D-003,Good,,,2025/06/05,REC20250605,0,Unit1,0,Unit2,0,Unit3,28,PCS,28,0,0,0,28,28,0,0,0,0,0,0,0,0,0,0,2025/06/05 04:07:35,DD Service＆Transport,,
FMC,Formica,Suratthani,Suratthani DC,FMC,Formica,Suratthani,A00861NT082977D,AP 0861 NT 0.8MM 4x8,,,,A00861NT082977D,1,1,1,D-004,Good,,,2025/06/05,REC20250605,0,Unit1,0,Unit2,0,Unit3,38,PCS,38,0,0,0,38,38,0,0,0,0,0,0,0,0,0,0,2025/06/05 11:18:21,DD Service＆Transport,2025/07/30 18:22:59,DD Service＆Transport
FMC,Formica,Suratthani,Suratthani DC,FMC,Formica,Suratthani,A08845D8082977D,AP 8845 D8 0.8MM 4x8,,,,A08845D8082977D,1,1,1,D-005,Good,,,2025/06/05,REC20250605,0,Unit1,0,Unit2,0,Unit3,24,PCS,24,0,0,0,24,24,0,0,0,0,0,0,0,0,0,0,2025/06/05 11:18:21,DD Service＆Transport,2025/06/25 14:18:31,DD Service＆Transport
FMC,Formica,Suratthani,Suratthani DC,FMC,Formica,Suratthani,A08845D8082977D,AP 8845 D8 0.8MM 4x8,,,,A08845D8082977D,1,1,1,D-005,Good,,,2025/07/09,REC20250709,0,Unit1,0,Unit2,0,Unit3,16,PCS,16,0,0,0,16,16,0,0,0,0,0,0,0,0,0,0,2025/07/09 05:30:54,DD Service＆Transport,,
FMC,Formica,Suratthani,Suratthani DC,FMC,Formica,Suratthani,007157UN082977N,PP 7157 UN 0.8MM 4x8 N,,,,007157UN082977N,1,1,1,D-006,Good,,,2024/02/09,REC20240208001,0,Unit1,0,Unit2,0,Unit3,16,PCS,16,0,0,0,16,16,0,0,0,0,0,0,0,0,0,0,2024/02/09 13:36:14,pakchong,2025/10/16 18:52:19,DD Service＆Transport
FMC,Formica,Suratthani,Suratthani DC,FMC,Formica,Suratthani,007157UN082977N,PP 7157 UN 0.8MM 4x8 N,,,,007157UN082977N,1,1,1,D-006,Good,,,2024/11/26,REC20241126,0,Unit1,0,Unit2,0,Unit3,6,PCS,6,0,0,0,6,6,0,0,0,0,0,0,0,0,0,0,2024/11/26 06:44:33,DD Service＆Transport,,
FMC,Formica,Suratthani,Suratthani DC,FMC,Formica,Suratthani,007157UN082977N,PP 7157 UN 0.8MM 4x8 N,,,,007157UN082977N,1,1,1,D-006,Good,,,2025/06/05,REC20250605,0,Unit1,0,Unit2,0,Unit3,9,PCS,9,0,0,0,9,9,0,0,0,0,0,0,0,0,0,0,2025/06/05 04:03:36,DD Service＆Transport,,
FMC,Formica,Suratthani,Suratthani DC,FMC,Formica,Suratthani,A00961UN082977D,AP 0961 UN 0.8MM 4x8,,,,A00961UN082977D,1,1,1,D-007,Good,,,2025/02/21,REC20250221,0,Unit1,0,Unit2,0,Unit3,13,PCS,13,0,0,0,13,13,0,0,0,0,0,0,0,0,0,0,2025/02/21 06:34:36,DD Service＆Transport,2025/06/20 10:34:57,DD Service＆Transport
FMC,Formica,Suratthani,Suratthani DC,FMC,Formica,Suratthani,A00961UN082977D,AP 0961 UN 0.8MM 4x8,,,,A00961UN082977D,1,1,1,D-007,Good,,,2025/10/20,REC20251020,0,Unit1,0,Unit2,0,Unit3,20,PCS,20,0,0,0,20,20,0,0,0,0,0,0,0,0,0,0,2025/10/20 18:19:12,DD Service＆Transport,,
FMC,Formica,Suratthani,Suratthani DC,FMC,Formica,Suratthani,A07918UN082977D,AP 7918 UN 0.8MM 4x8 (0918),,,,A07918UN082977D,1,1,1,D-008,Good,,,2025/10/20,REC20251020,0,Unit1,0,Unit2,0,Unit3,4,PCS,4,0,0,0,4,4,0,0,0,0,0,0,0,0,0,0,2025/10/20 04:35:57,DD Service＆Transport,2025/11/19 12:15:39,DD Service＆Transport
FMC,Formica,Suratthani,Suratthani DC,FMC,Formica,Suratthani,A07918UN082977D,AP 7918 UN 0.8MM 4x8 (0918),,,,A07918UN082977D,1,1,1,D-008,Good,,,2025/11/26,REC20251126001,0,Unit1,0,Unit2,0,Unit3,20,PCS,20,0,0,0,20,20,0,0,0,0,0,0,0,0,0,0,2025/11/26 17:09:23,DD Service＆Transport,,
FMC,Formica,Suratthani,Suratthani DC,FMC,Formica,Suratthani,A07395NT082977D,AP 7395 NT 0.8MM 4x8,,,,A07395NT082977D,1,1,1,D-009,Good,,,2025/07/09,REC20250709,0,Unit1,0,Unit2,0,Unit3,20,PCS,20,0,0,0,20,20,0,0,0,0,0,0,0,0,0,0,2025/07/09 05:29:34,DD Service＆Transport,,
FMC,Formica,Suratthani,Suratthani DC,FMC,Formica,Suratthani,HT9799MA072977,SM 9799 M 0.7MM 4x8,,,,HT9799MA072977,1,1,1,D-010,Good,,,2025/06/05,REC20250605,0,Unit1,0,Unit2,0,Unit3,14,Pcs,14,0,0,0,14,14,0,0,0,0,0,0,0,0,0,0,2025/06/05 04:13:32,DD Service＆Transport,2025/11/11 13:02:31,DD Service＆Transport
FMC,Formica,Suratthani,Suratthani DC,FMC,Formica,Suratthani,A00862NT082977D,AP 0862 NT 0.8MM 4x8,,,,A00862NT082977D,1,1,1,E-001,Good,,,2024/02/09,REC20240208001,0,Unit1,0,Unit2,0,Unit3,36,PCS,36,0,0,0,36,36,0,0,0,0,0,0,0,0,0,0,2024/02/09 13:36:14,pakchong,2025/10/06 12:37:42,DD Service＆Transport
FMC,Formica,Suratthani,Suratthani DC,FMC,Formica,Suratthani,A09483AB082977E,AP 9483 AB 0.8MM 4x8 E,,,,A09483AB082977E,1,1,1,E-002,Good,,,2024/02/09,REC20240208001,0,Unit1,0,Unit2,0,Unit3,15,PCS,15,0,0,0,15,15,0,0,0,0,0,0,0,0,0,0,2024/02/09 13:36:14,pakchong,2025/11/03 15:36:21,DD Service＆Transport
FMC,Formica,Suratthani,Suratthani DC,FMC,Formica,Suratthani,A09483AB082977E,AP 9483 AB 0.8MM 4x8 E,,,,A09483AB082977E,1,1,1,E-002,Good,,,2024/11/11,REC20241111,0,Unit1,0,Unit2,0,Unit3,5,PCS,5,0,0,0,5,5,0,0,0,0,0,0,0,0,0,0,2024/11/11 10:07:32,DD Service＆Transport,,
FMC,Formica,Suratthani,Suratthani DC,FMC,Formica,Suratthani,A06446LM082977D,AP 6446 LM 0.8MM 4x8,,,,A06446LM082977D,1,1,1,E-003,Good,,,2024/07/11,REC202400711,0,Unit1,0,Unit2,0,Unit3,6,PCS,6,0,0,0,6,6,0,0,0,0,0,0,0,0,0,0,2024/07/11 10:33:50,DD Service＆Transport,,
FMC,Formica,Suratthani,Suratthani DC,FMC,Formica,Suratthani,A06446LM082977D,AP 6446 LM 0.8MM 4x8,,,,A06446LM082977D,1,1,1,E-003,Good,,,2024/02/09,REC20240208001,0,Unit1,0,Unit2,0,Unit3,25,PCS,25,0,0,0,25,25,0,0,0,0,0,0,0,0,0,0,2024/02/09 13:36:14,pakchong,2025/03/20 16:36:09,DD Service＆Transport
FMC,Formica,Suratthani,Suratthani DC,FMC,Formica,Suratthani,A06446LM082977D,AP 6446 LM 0.8MM 4x8,,,,A06446LM082977D,1,1,1,E-003,Good,,,2024/11/11,REC20241111,0,Unit1,0,Unit2,0,Unit3,10,PCS,10,0,0,0,10,10,0,0,0,0,0,0,0,0,0,0,2024/11/11 09:59:16,DD Service＆Transport,,
FMC,Formica,Suratthani,Suratthani DC,FMC,Formica,Suratthani,A09001NT082977E,AP 9001 NT 0.8MM 4x8 E,,,,A09001NT082977E,1,1,1,E-004,Good,,,2024/11/11,REC20241111,0,Unit1,0,Unit2,0,Unit3,4,PCS,4,0,0,0,4,4,0,0,0,0,0,0,0,0,0,0,2024/11/11 10:06:39,DD Service＆Transport,2025/10/31 11:39:17,DD Service＆Transport
FMC,Formica,Suratthani,Suratthani DC,FMC,Formica,Suratthani,A09001NT082977E,AP 9001 NT 0.8MM 4x8 E,,,,A09001NT082977E,1,1,1,E-004,Good,,,2024/11/26,REC20241126,0,Unit1,0,Unit2,0,Unit3,5,PCS,5,0,0,0,5,5,0,0,0,0,0,0,0,0,0,0,2024/11/26 06:51:58,DD Service＆Transport,,
FMC,Formica,Suratthani,Suratthani DC,FMC,Formica,Suratthani,A09001NT082977E,AP 9001 NT 0.8MM 4x8 E,,,,A09001NT082977E,1,1,1,E-004,Good,,,2025/04/02,REC20250402,0,Unit1,0,Unit2,0,Unit3,3,PCS,3,0,0,0,3,3,0,0,0,0,0,0,0,0,0,0,2025/04/02 08:48:55,DD Service＆Transport,,
FMC,Formica,Suratthani,Suratthani DC,FMC,Formica,Suratthani,A00927AB082977E,AP 0927 AB 0.8MM 4x8 E,,,,A00927AB082977E,1,1,1,E-005,Good,,,2024/02/09,REC20240208001,0,Unit1,0,Unit2,0,Unit3,17,PCS,17,0,0,0,17,17,0,0,0,0,0,0,0,0,0,0,2024/02/09 13:36:14,pakchong,2025/08/04 14:07:37,DD Service＆Transport
FMC,Formica,Suratthani,Suratthani DC,FMC,Formica,Suratthani,A00927AB082977E,AP 0927 AB 0.8MM 4x8 E,,,,A00927AB082977E,1,1,1,E-005,Good,,,2024/11/11,REC20241111,0,Unit1,0,Unit2,0,Unit3,5,PCS,5,0,0,0,5,5,0,0,0,0,0,0,0,0,0,0,2024/11/11 09:52:43,DD Service＆Transport,,
FMC,Formica,Suratthani,Suratthani DC,FMC,Formica,Suratthani,A00909AB082977E,AP 0909 AB 0.8MM 4x8 E,,,,A00909AB082977E,1,1,1,E-006,Good,,,2024/11/26,REC20241126,0,Unit1,0,Unit2,0,Unit3,4,PCS,4,0,0,0,4,4,0,0,0,0,0,0,0,0,0,0,2024/11/26 06:49:16,DD Service＆Transport,2025/12/02 17:30:03,DD Service＆Transport
FMC,Formica,Suratthani,Suratthani DC,FMC,Formica,Suratthani,A00909AB082977E,AP 0909 AB 0.8MM 4x8 E,,,,A00909AB082977E,1,1,1,E-006,Good,,,2025/04/02,REC20250402,0,Unit1,0,Unit2,0,Unit3,7,PCS,7,0,0,0,7,7,0,0,0,0,0,0,0,0,0,0,2025/04/02 07:38:51,DD Service＆Transport,,
FMC,Formica,Suratthani,Suratthani DC,FMC,Formica,Suratthani,A00909AB082977E,AP 0909 AB 0.8MM 4x8 E,,,,A00909AB082977E,1,1,1,E-006,Good,,,2025/06/05,REC20250605,0,Unit1,0,Unit2,0,Unit3,7,PCS,7,0,0,0,7,7,0,0,0,0,0,0,0,0,0,0,2025/06/05 04:05:45,DD Service＆Transport,,
FMC,Formica,Suratthani,Suratthani DC,FMC,Formica,Suratthani,A00932UN082977D,AP 0932 UN 0.8MM 4x8,,,,A00932UN082977D,1,1,1,E-008,Good,,,2025/07/09,REC20250709,0,Unit1,0,Unit2,0,Unit3,3,PCS,3,0,0,0,3,3,0,0,0,0,0,0,0,0,0,0,2025/07/09 12:38:17,DD Service＆Transport,2025/08/05 18:41:10,DD Service＆Transport
FMC,Formica,Suratthani,Suratthani DC,FMC,Formica,Suratthani,A00932UN082977D,AP 0932 UN 0.8MM 4x8,,,,A00932UN082977D,1,1,1,E-008,Good,,,2025/10/20,REC20251020,0,Unit1,0,Unit2,0,Unit3,20,PCS,20,0,0,0,20,20,0,0,0,0,0,0,0,0,0,0,2025/10/20 03:44:03,DD Service＆Transport,,
FMC,Formica,Suratthani,Suratthani DC,FMC,Formica,Suratthani,HT5456MA072977I,SM 5456 M 0.7MM 4x8,,,,HT5456MA072977I,1,1,1,E-009,Good,,,2025/10/16,REC20251016,0,พาเลท,0,เคส,0,แพ็ค,40,ชิ้น,40,0,0,0,40,40,0,0,0,0,0,0,0,0,0,0,2025/11/11 12:32:30,DD Service＆Transport,,
FMC,Formica,Suratthani,Suratthani DC,FMC,Formica,Suratthani,HT9047MA072977,SM 9047 M 0.7MM 4x8,,,,HT9047MA072977,1,1,1,E-010,Good,,,2025/11/26,REC20251126001,0,Unit1,0,Unit2,0,Unit3,20,Pcs,20,0,0,0,20,20,0,0,0,0,0,0,0,0,0,0,2025/11/26 17:11:18,DD Service＆Transport,,
FMC,Formica,Suratthani,Suratthani DC,FMC,Formica,Suratthani,HT8643MA072977,SM 8643 M 0.7MM 4x8,,,,HT8643MA072977,1,1,1,E-011,Good,,,2025/11/26,REC20251126001,0,Unit1,0,Unit2,0,Unit3,8,Pcs,8,0,0,0,8,8,0,0,0,0,0,0,0,0,0,0,2025/11/26 17:11:11,DD Service＆Transport,2025/12/03 11:59:47,DD Service＆Transport
FMC,Formica,Suratthani,Suratthani DC,FMC,Formica,Suratthani,A02726NT082977D,AP 2726 NT 0.8MM 4x8,,,,A02726NT082977D,1,1,1,F-001,Good,,,2024/02/09,REC20240208001,0,Unit1,0,Unit2,0,Unit3,29,PCS,29,0,0,0,29,29,0,0,0,0,0,0,0,0,0,0,2024/02/09 13:36:14,pakchong,2025/10/20 13:32:58,DD Service＆Transport
FMC,Formica,Suratthani,Suratthani DC,FMC,Formica,Suratthani,A02726NT082977D,AP 2726 NT 0.8MM 4x8,,,,A02726NT082977D,1,1,1,F-001,Good,,,2024/11/11,REC20241111,0,Unit1,0,Unit2,0,Unit3,10,PCS,10,0,0,0,10,10,0,0,0,0,0,0,0,0,0,0,2024/11/11 09:56:07,DD Service＆Transport,,
FMC,Formica,Suratthani,Suratthani DC,FMC,Formica,Suratthani,A08578NT082977D,AP 8578 NT 0.8MM 4x8,,,,A08578NT082977D,1,1,1,F-002,Good,,,2025/11/26,REC20251126001,0,Unit1,0,Unit2,0,Unit3,20,PCS,20,0,0,0,20,20,0,0,0,0,0,0,0,0,0,0,2025/11/26 17:10:10,DD Service＆Transport,,
FMC,Formica,Suratthani,Suratthani DC,FMC,Formica,Suratthani,A09397NT082977D,AP 9397 NT 0.8MM 4x8 (9016),,,,A09397NT082977D,1,1,1,F-003,Good,,,2025/04/02,REC20250402,0,Unit1,0,Unit2,0,Unit3,8,PCS,8,0,0,0,8,8,0,0,0,0,0,0,0,0,0,0,2025/04/02 08:49:07,DD Service＆Transport,2025/09/19 16:11:48,DD Service＆Transport
FMC,Formica,Suratthani,Suratthani DC,FMC,Formica,Suratthani,A09397NT082977D,AP 9397 NT 0.8MM 4x8 (9016),,,,A09397NT082977D,1,1,1,F-003,Good,,,2025/06/05,REC20250605,0,Unit1,0,Unit2,0,Unit3,12,PCS,12,0,0,0,12,12,0,0,0,0,0,0,0,0,0,0,2025/06/05 04:11:07,DD Service＆Transport,,
FMC,Formica,Suratthani,Suratthani DC,FMC,Formica,Suratthani,A08807OG082977E,AP 8807 OG 0.8MM 4x8 E,,,,A08807OG082977E,1,1,1,F-004,Good,,,2025/11/26,REC20251126001,0,พาเลท,0,เคส,0,แพ็ค,20,ชิ้น,20,0,0,0,20,20,0,0,0,0,0,0,0,0,0,0,2025/11/26 17:10:17,DD Service＆Transport,,
FMC,Formica,Suratthani,Suratthani DC,FMC,Formica,Suratthani,HT9116NC072977,TD 9116 NC 0.7MM 4*8,,,,HT9116NC072977,1,1,1,F-005,Good,,,2025/08/27,REC20250827,0,พาเลท,0,เคส,0,แพ็ค,80,ชิ้น,80,0,0,0,80,80,0,0,0,0,0,0,0,0,0,0,2025/08/27 06:18:31,DD Service＆Transport,,
FMC,Formica,Suratthani,Suratthani DC,FMC,Formica,Suratthani,HT0928MA072977,SM 0928 M 0.7MM 4x8 (7928),,,,HT0928MA072977,1,1,1,F-006,Good,,,2025/06/05,REC20250605,0,Unit1,0,Unit2,0,Unit3,18,Pcs,18,0,0,0,18,18,0,0,0,0,0,0,0,0,0,0,2025/06/05 17:32:24,DD Service＆Transport,2025/11/06 14:17:29,DD Service＆Transport
FMC,Formica,Suratthani,Suratthani DC,FMC,Formica,Suratthani,HT0928MA072977I,SM 0928 M 0.7MM 4X8 I,,,,HT0928MA072977I,1,1,1,F-006,Good,,,2025/07/09,REC20250709,0,Unit1,0,Unit2,0,Unit3,35,Pcs,35,0,0,0,35,35,0,0,0,0,0,0,0,0,0,0,2025/07/09 12:40:12,DD Service＆Transport,2025/09/17 13:05:46,DD Service＆Transport
FMC,Formica,Suratthani,Suratthani DC,FMC,Formica,Suratthani,HT9514TG072977,SM 9514 TG 0.7MM 4x8,,,,HT9514TG072977,1,1,1,F-008,Good,,,2025/09/05,REC20250905,0,พาเลท,0,เคส,0,แพ็ค,36,ชิ้น,36,0,0,0,36,36,0,0,0,0,0,0,0,0,0,0,2025/09/05 11:05:51,DD Service＆Transport,2025/11/10 14:22:25,DD Service＆Transport
FMC,Formica,Suratthani,Suratthani DC,FMC,Formica,Suratthani,A03476HN082977D,AP 3476 HN 0.8MM 4x8,,,,A03476HN082977D,1,1,1,F-009,Good,,,2024/03/28,REC20240328001,0,Unit1,0,Unit2,0,Unit3,14,PCS,14,0,0,0,14,14,0,0,0,0,0,0,0,0,0,0,2024/03/28 08:14:34,DD Service＆Transport,2025/07/23 11:52:28,DD Service＆Transport
FMC,Formica,Suratthani,Suratthani DC,FMC,Formica,Suratthani,A03476HN082977D,AP 3476 HN 0.8MM 4x8,,,,A03476HN082977D,1,1,1,F-009,Good,,,2024/11/11,REC20241111,0,Unit1,0,Unit2,0,Unit3,5,PCS,5,0,0,0,5,5,0,0,0,0,0,0,0,0,0,0,2024/11/11 09:57:17,DD Service＆Transport,,
FMC,Formica,Suratthani,Suratthani DC,FMC,Formica,Suratthani,HT9207HG072977N,SM 9207 G 0.7MM 4x8 N (0909),,,,HT9207HG072977N,1,1,1,F-010,Good,,,2025/04/02,REC20250402,0,Unit1,0,Unit2,0,Unit3,1,Pcs,1,0,0,0,1,1,0,0,0,0,0,0,0,0,0,0,2025/04/02 08:55:26,DD Service＆Transport,2025/10/31 15:43:53,DD Service＆Transport
FMC,Formica,Suratthani,Suratthani DC,FMC,Formica,Suratthani,HT9207HG072977N,SM 9207 G 0.7MM 4x8 N (0909),,,,HT9207HG072977N,1,1,1,F-010,Good,,,2025/06/10,REC20250610,0,Unit1,0,Unit2,0,Unit3,10,Pcs,10,0,0,0,10,10,0,0,0,0,0,0,0,0,0,0,2025/06/10 04:52:05,DD Service＆Transport,,
FMC,Formica,Suratthani,Suratthani DC,FMC,Formica,Suratthani,HT9207HG072977N,SM 9207 G 0.7MM 4x8 N (0909),,,,HT9207HG072977N,1,1,1,F-010,Good,,,2025/07/09,REC20250709,0,Unit1,0,Unit2,0,Unit3,27,Pcs,27,0,0,0,27,27,0,0,0,0,0,0,0,0,0,0,2025/07/09 05:34:40,DD Service＆Transport,,
FMC,Formica,Suratthani,Suratthani DC,FMC,Formica,Suratthani,HT6637MA072977I,SM 6637 M 0.7MM 4x8 I,,,,HT6637MA072977I,1,1,1,F-011,Good,,,2025/09/05,REC20250905,0,Unit1,0,Unit2,0,Unit3,1,Pcs,1,0,0,0,1,1,0,0,0,0,0,0,0,0,0,0,2025/09/05 18:27:55,DD Service＆Transport,2025/12/02 12:22:57,DD Service＆Transport
FMC,Formica,Suratthani,Suratthani DC,FMC,Formica,Suratthani,HT6637MA072977I,SM 6637 M 0.7MM 4x8 I,,,,HT6637MA072977I,1,1,1,F-011,Good,,,2025/10/16,REC20251016,0,Unit1,0,Unit2,0,Unit3,40,Pcs,40,0,0,0,40,40,0,0,0,0,0,0,0,0,0,0,2025/10/16 10:30:05,DD Service＆Transport,,
FMC,Formica,Suratthani,Suratthani DC,FMC,Formica,Suratthani,A0T116UN082977D,AP T116 UN 0.8MM 4x8 (9116),,,,A0T116UN082977D,1,1,1,G-001,Good,,,2024/07/11,REC202400711,0,Unit1,0,Unit2,0,Unit3,7,PCS,7,0,0,0,7,7,0,0,0,0,0,0,0,0,0,0,2024/07/11 10:33:50,DD Service＆Transport,,
FMC,Formica,Suratthani,Suratthani DC,FMC,Formica,Suratthani,A0T116UN082977D,AP T116 UN 0.8MM 4x8 (9116),,,,A0T116UN082977D,1,1,1,G-001,Good,,,2024/03/28,REC20240328001,0,Unit1,0,Unit2,0,Unit3,17,PCS,17,0,0,0,17,17,0,0,0,0,0,0,0,0,0,0,2024/03/28 08:16:11,DD Service＆Transport,2025/09/04 13:15:15,DD Service＆Transport
FMC,Formica,Suratthani,Suratthani DC,FMC,Formica,Suratthani,A0T116UN082977D,AP T116 UN 0.8MM 4x8 (9116),,,,A0T116UN082977D,1,1,1,G-001,Good,,,2024/09/17,REC20240328001,0,Unit1,0,Unit2,0,Unit3,19,PCS,19,0,0,0,19,19,0,0,0,0,0,0,0,0,0,0,2024/09/17 06:48:02,DD Service＆Transport,,
FMC,Formica,Suratthani,Suratthani DC,FMC,Formica,Suratthani,A0T116UN082977D,AP T116 UN 0.8MM 4x8 (9116),,,,A0T116UN082977D,1,1,1,G-001,Good,,,2024/11/11,REC20241111,0,Unit1,0,Unit2,0,Unit3,20,PCS,20,0,0,0,20,20,0,0,0,0,0,0,0,0,0,0,2024/11/11 10:07:48,DD Service＆Transport,,
FMC,Formica,Suratthani,Suratthani DC,FMC,Formica,Suratthani,A0T116UN082977D,AP T116 UN 0.8MM 4x8 (9116),,,,A0T116UN082977D,1,1,1,G-001,Good,,,2025/04/02,REC20250402,0,Unit1,0,Unit2,0,Unit3,14,PCS,14,0,0,0,14,14,0,0,0,0,0,0,0,0,0,0,2025/04/02 08:49:40,DD Service＆Transport,,
FMC,Formica,Suratthani,Suratthani DC,FMC,Formica,Suratthani,007157AB082977N,PP 7157 AB 0.8MM 4x8 N,,,,007157AB082977N,1,1,1,G-002,Good,,,2025/07/09,REC20250709,0,Unit1,0,Unit2,0,Unit3,11,PCS,11,0,0,0,11,11,0,0,0,0,0,0,0,0,0,0,2025/07/09 05:25:45,DD Service＆Transport,2025/11/26 13:29:12,DD Service＆Transport
FMC,Formica,Suratthani,Suratthani DC,FMC,Formica,Suratthani,A00870NT082977D,AP 0870 NT 0.8MM 4x8,,,,A00870NT082977D,1,1,1,G-003,Good,,,2024/07/11,REC202400711,0,Unit1,0,Unit2,0,Unit3,23,PCS,23,0,0,0,23,23,0,0,0,0,0,0,0,0,0,0,2024/07/11 10:33:50,DD Service＆Transport,,
FMC,Formica,Suratthani,Suratthani DC,FMC,Formica,Suratthani,A00870NT082977D,AP 0870 NT 0.8MM 4x8,,,,A00870NT082977D,1,1,1,G-003,Good,,,2024/02/19,REC20240219002,0,Unit1,0,Unit2,0,Unit3,55,PCS,55,0,0,0,55,55,0,0,0,0,0,0,0,0,0,0,2024/02/19 11:54:41,DD Service＆Transport,2025/11/19 16:19:00,DD Service＆Transport
FMC,Formica,Suratthani,Suratthani DC,FMC,Formica,Suratthani,A00870NT082977D,AP 0870 NT 0.8MM 4x8,,,,A00870NT082977D,1,1,1,G-003,Good,,,2024/03/28,REC20240328001,0,Unit1,0,Unit2,0,Unit3,80,PCS,80,0,0,0,80,80,0,0,0,0,0,0,0,0,0,0,2024/08/27 11:03:53,DD Service＆Transport,,
FMC,Formica,Suratthani,Suratthani DC,FMC,Formica,Suratthani,A00870NT082977D,AP 0870 NT 0.8MM 4x8,,,,A00870NT082977D,1,1,1,G-004,Good,,,2024/03/28,REC20240328001,0,Unit1,0,Unit2,0,Unit3,80,PCS,80,0,0,0,80,80,0,0,0,0,0,0,0,0,0,0,2024/03/28 17:05:21,DD Service＆Transport,,
FMC,Formica,Suratthani,Suratthani DC,FMC,Formica,Suratthani,A00870NT082977D,AP 0870 NT 0.8MM 4x8,,,,A00870NT082977D,1,1,1,G-004,Good,,,2024/11/11,REC20241111,0,Unit1,0,Unit2,0,Unit3,15,PCS,15,0,0,0,15,15,0,0,0,0,0,0,0,0,0,0,2024/11/11 09:52:09,DD Service＆Transport,,
FMC,Formica,Suratthani,Suratthani DC,FMC,Formica,Suratthani,HT0961MA072977,SM 0961 M 0.7MM 4x8,,,,HT0961MA072977,1,1,1,G-005,Good,,,2025/11/26,REC20251126001,0,Unit1,0,Unit2,0,Unit3,21,Pcs,21,0,0,0,21,21,0,0,0,0,0,0,0,0,0,0,2025/11/26 17:10:45,DD Service＆Transport,2025/12/03 11:12:11,DD Service＆Transport
FMC,Formica,Suratthani,Suratthani DC,FMC,Formica,Suratthani,A00878OG082977E,AP 0878 OG 0.8MM 4x8 E,,,,A00878OG082977E,1,1,1,G-006,Good,,,2025/08/27,REC20250827,0,พาเลท,0,เคส,0,แพ็ค,68,ชิ้น,68,0,0,0,68,68,0,0,0,0,0,0,0,0,0,0,2025/08/27 06:16:40,DD Service＆Transport,2025/09/17 12:39:23,DD Service＆Transport
FMC,Formica,Suratthani,Suratthani DC,FMC,Formica,Suratthani,HT6893MA072977,SM 6893 M 0.7MM 4x8,,,,HT6893MA072977,1,1,1,G-008,Good,,,2025/09/05,REC20250905,0,พาเลท,0,เคส,0,แพ็ค,40,ชิ้น,40,0,0,0,40,40,0,0,0,0,0,0,0,0,0,0,2025/09/05 11:00:31,DD Service＆Transport,,
FMC,Formica,Suratthani,Suratthani DC,FMC,Formica,Suratthani,A07934UN082977D,AP 7934 UN 0.8MM 4x8,,,,A07934UN082977D,1,1,1,G-009,Good,,,2025/06/05,REC20250605,0,Unit1,0,Unit2,0,Unit3,1,PCS,1,0,0,0,1,1,0,0,0,0,0,0,0,0,0,0,2025/06/05 11:18:21,DD Service＆Transport,2025/10/27 17:25:55,DD Service＆Transport
FMC,Formica,Suratthani,Suratthani DC,FMC,Formica,Suratthani,HT6873MA072977,SM 6873 M 0.7MM 4x8,,,,HT6873MA072977,1,1,1,G-011,Good,,,2025/07/09,REC20250709,0,Unit1,0,Unit2,0,Unit3,20,Pcs,20,0,0,0,20,20,0,0,0,0,0,0,0,0,0,0,2025/07/09 05:32:54,DD Service＆Transport,2025/12/02 12:22:57,DD Service＆Transport
FMC,Formica,Suratthani,Suratthani DC,FMC,Formica,Suratthani,HT6873MA072977I,SM 6873 M 0.7MM 4x8 I,,,,HT6873MA072977I,1,1,1,G-011,Good,,,2025/12/02,REC20251202,0,Unit1,0,Unit2,0,Unit3,27,Pcs,27,0,0,0,27,27,0,0,0,0,0,0,0,0,0,0,2025/12/02 12:33:08,DD Service＆Transport,,
FMC,Formica,Suratthani,Suratthani DC,FMC,Formica,Suratthani,A06444LM082977D,AP 6444 LM 0.8MM 4x8,,,,A06444LM082977D,1,1,1,H-001,Good,,,2025/09/05,REC20250905,0,Unit1,0,Unit2,0,Unit3,37,PCS,37,0,0,0,37,37,0,0,0,0,0,0,0,0,0,0,2025/09/05 18:23:18,DD Service＆Transport,2025/10/16 13:26:53,DD Service＆Transport
FMC,Formica,Suratthani,Suratthani DC,FMC,Formica,Suratthani,HT9663MA072977,SM 9663 M 0.7MM 4x8,,,,HT9663MA072977,1,1,1,H-002,Good,,,2025/09/05,REC20250905,0,พาเลท,0,เคส,0,แพ็ค,30,ชิ้น,30,0,0,0,30,30,0,0,0,0,0,0,0,0,0,0,2025/09/05 11:06:07,DD Service＆Transport,2025/11/21 13:25:45,DD Service＆Transport
FMC,Formica,Suratthani,Suratthani DC,FMC,Formica,Suratthani,A01238UN082977E,AP 1238 UN 0.8MM 4x8,,,,A01238UN082977E,1,1,1,H-003,Good,,,2025/09/05,REC20250905,0,พาเลท,0,เคส,0,แพ็ค,38,ชิ้น,38,0,0,0,38,38,0,0,0,0,0,0,0,0,0,0,2025/09/05 11:02:08,DD Service＆Transport,2025/09/25 18:11:00,DD Service＆Transport
FMC,Formica,Suratthani,Suratthani DC,FMC,Formica,Suratthani,A07403NM082977E,AP 7403 NM 0.8MM 4x8 E,,,,A07403NM082977E,1,1,1,H-005,Good,,,2024/07/11,REC202400711,0,Unit1,0,Unit2,0,Unit3,4,PCS,4,0,0,0,4,4,0,0,0,0,0,0,0,0,0,0,2024/07/11 10:33:50,DD Service＆Transport,,
FMC,Formica,Suratthani,Suratthani DC,FMC,Formica,Suratthani,A07403NM082977E,AP 7403 NM 0.8MM 4x8 E,,,,A07403NM082977E,1,1,1,H-005,Good,,,2024/02/09,REC20240208001,0,Unit1,0,Unit2,0,Unit3,14,PCS,14,0,0,0,14,14,0,0,0,0,0,0,0,0,0,0,2024/02/09 13:36:14,pakchong,2025/10/16 13:26:53,DD Service＆Transport
FMC,Formica,Suratthani,Suratthani DC,FMC,Formica,Suratthani,A07403NM082977E,AP 7403 NM 0.8MM 4x8 E,,,,A07403NM082977E,1,1,1,H-005,Good,,,2024/11/11,REC20241111,0,Unit1,0,Unit2,0,Unit3,5,PCS,5,0,0,0,5,5,0,0,0,0,0,0,0,0,0,0,2024/11/11 10:01:16,DD Service＆Transport,,
FMC,Formica,Suratthani,Suratthani DC,FMC,Formica,Suratthani,A07408NM082977E,AP 7408 NM 0.8MM 4x8 E,,,,A07408NM082977E,1,1,1,H-007,Good,,,2024/02/09,REC20240208001,0,Unit1,0,Unit2,0,Unit3,2,PCS,2,0,0,0,2,2,0,0,0,0,0,0,0,0,0,0,2024/02/09 13:36:14,pakchong,2024/02/15 09:05:47,DD Service＆Transport
FMC,Formica,Suratthani,Suratthani DC,FMC,Formica,Suratthani,A07408NM082977E,AP 7408 NM 0.8MM 4x8 E,,,,A07408NM082977E,1,1,1,H-007,Good,,,2024/03/28,REC20240328001,0,Unit1,0,Unit2,0,Unit3,18,PCS,18,0,0,0,18,18,0,0,0,0,0,0,0,0,0,0,2024/03/28 17:03:23,DD Service＆Transport,,
FMC,Formica,Suratthani,Suratthani DC,FMC,Formica,Suratthani,A07408NM082977E,AP 7408 NM 0.8MM 4x8 E,,,,A07408NM082977E,1,1,1,H-007,Good,,,2024/11/11,REC20241111,0,Unit1,0,Unit2,0,Unit3,5,PCS,5,0,0,0,5,5,0,0,0,0,0,0,0,0,0,0,2024/11/11 10:01:32,DD Service＆Transport,,
FMC,Formica,Suratthani,Suratthani DC,FMC,Formica,Suratthani,A09001UN082977E,AP 9001 UN 0.8MM 4x8 E,,,,A09001UN082977E,1,1,1,H-008,Good,,,2025/06/05,REC20250605,0,Unit1,0,Unit2,0,Unit3,6,PCS,6,0,0,0,6,6,0,0,0,0,0,0,0,0,0,0,2025/06/05 04:10:57,DD Service＆Transport,2025/07/25 11:43:30,DD Service＆Transport
FMC,Formica,Suratthani,Suratthani DC,FMC,Formica,Suratthani,HT6654HG072977N,SM 6654 G 0.7MM 4x8 N,,,,HT6654HG072977N,1,1,1,H-009,Good,,,2025/07/09,REC20250709,0,Unit1,0,Unit2,0,Unit3,29,Pcs,29,0,0,0,29,29,0,0,0,0,0,0,0,0,0,0,2025/07/09 05:32:43,DD Service＆Transport,2025/10/09 16:43:32,DD Service＆Transport
FMC,Formica,Suratthani,Suratthani DC,FMC,Formica,Suratthani,008123MB072977,PP 8123 MB 0.7mm.x 4x 8,,,,008123MB072977,1,1,1,I-002,Good,,,2025/11/05,REC20251105,0,Unit1,0,Unit2,0,Unit3,2,PCS,2,0,0,0,2,2,0,0,0,0,0,0,0,0,0,0,2025/11/05 14:03:25,DD Service＆Transport,,
FMC,Formica,Suratthani,Suratthani DC,FMC,Formica,Suratthani,A00939OG082977E,AP 0939 OG 0.8MM 4x8 E,,,,A00939OG082977E,1,1,1,I-003,Good,,,2025/11/26,REC20251126001,0,พาเลท,0,เคส,0,แพ็ค,20,ชิ้น,20,0,0,0,20,20,0,0,0,0,0,0,0,0,0,0,2025/11/26 17:08:33,DD Service＆Transport,,
FMC,Formica,Suratthani,Suratthani DC,FMC,Formica,Suratthani,A00464UN082977D,AP 0464 UN 0.8MM 4x8,,,,A00464UN082977D,1,1,1,I-004,Good,,,2024/07/11,REC202400711,0,Unit1,0,Unit2,0,Unit3,2,PCS,2,0,0,0,2,2,0,0,0,0,0,0,0,0,0,0,2024/07/11 10:33:50,DD Service＆Transport,2025/11/28 13:18:59,DD Service＆Transport
FMC,Formica,Suratthani,Suratthani DC,FMC,Formica,Suratthani,A00464UN082977D,AP 0464 UN 0.8MM 4x8,,,,A00464UN082977D,1,1,1,I-004,Good,,,2025/06/05,REC20250605,0,Unit1,0,Unit2,0,Unit3,13,PCS,13,0,0,0,13,13,0,0,0,0,0,0,0,0,0,0,2025/06/05 04:04:19,DD Service＆Transport,,
FMC,Formica,Suratthani,Suratthani DC,FMC,Formica,Suratthani,A02010UN082977D,AP 2010 UN 0.8MM 4x8,,,,A02010UN082977D,1,1,1,I-005,Good,,,2025/10/20,REC20251020,0,Unit1,0,Unit2,0,Unit3,20,PCS,20,0,0,0,20,20,0,0,0,0,0,0,0,0,0,0,2025/10/20 18:19:12,DD Service＆Transport,,
FMC,Formica,Suratthani,Suratthani DC,FMC,Formica,Suratthani,A07902UN082977D,AP 7902 UN 0.8MM 4x8,,,,A07902UN082977D,1,1,1,I-006,Good,,,2025/02/21,REC20250221,0,Unit1,0,Unit2,0,Unit3,8,PCS,8,0,0,0,8,8,0,0,0,0,0,0,0,0,0,0,2025/02/21 06:36:18,DD Service＆Transport,2025/11/10 14:22:25,DD Service＆Transport
FMC,Formica,Suratthani,Suratthani DC,FMC,Formica,Suratthani,A07902UN082977D,AP 7902 UN 0.8MM 4x8,,,,A07902UN082977D,1,1,1,I-006,Good,,,2025/10/20,REC20251020,0,Unit1,0,Unit2,0,Unit3,20,PCS,20,0,0,0,20,20,0,0,0,0,0,0,0,0,0,0,2025/10/20 18:19:12,DD Service＆Transport,,
FMC,Formica,Suratthani,Suratthani DC,FMC,Formica,Suratthani,A07389NT082977D,AP 7389 NT 0.8MM 4x8 D,,,,A07389NT082977D,1,1,1,I-007,Good,,,2025/11/26,REC20251126001,0,พาเลท,0,เคส,0,แพ็ค,20,ชิ้น,20,0,0,0,20,20,0,0,0,0,0,0,0,0,0,0,2025/11/26 17:08:57,DD Service＆Transport,,
FMC,Formica,Suratthani,Suratthani DC,FMC,Formica,Suratthani,A06053NT082977D,AP 6053 NT 0.8MM 4x8,,,,A06053NT082977D,1,1,1,I-008,Good,,,2025/07/09,REC20250709,0,Unit1,0,Unit2,0,Unit3,20,PCS,20,0,0,0,20,20,0,0,0,0,0,0,0,0,0,0,2025/07/09 12:38:17,DD Service＆Transport,,
FMC,Formica,Suratthani,Suratthani DC,FMC,Formica,Suratthani,HT8633MA072977,SM 8633 M 0.7MM 4x8,,,,HT8633MA072977,1,1,1,I-009,Good,,,2024/08/27,REC20240827,0,Unit1,0,Unit2,0,Unit3,27,Pcs,27,0,0,0,27,27,0,0,0,0,0,0,0,0,0,0,2024/08/27 05:45:52,DD Service＆Transport,2025/09/02 13:28:36,DD Service＆Transport
FMC,Formica,Suratthani,Suratthani DC,FMC,Formica,Suratthani,HT8633MA072977,SM 8633 M 0.7MM 4x8,,,,HT8633MA072977,1,1,1,I-009,Good,,,2025/07/09,REC20250709,0,Unit1,0,Unit2,0,Unit3,40,Pcs,40,0,0,0,40,40,0,0,0,0,0,0,0,0,0,0,2025/07/09 05:34:00,DD Service＆Transport,,
FMC,Formica,Suratthani,Suratthani DC,FMC,Formica,Suratthani,HT9556MA072977,SM 9556 M 0.7MM 4x8,,,,HT9556MA072977,1,1,1,I-011,Good,,,2024/08/27,REC20240827,0,Unit1,0,Unit2,0,Unit3,12,Pcs,12,0,0,0,12,12,0,0,0,0,0,0,0,0,0,0,2024/08/27 05:47:31,DD Service＆Transport,2025/11/24 13:14:03,DD Service＆Transport
FMC,Formica,Suratthani,Suratthani DC,FMC,Formica,Suratthani,HT9556MA072977,SM 9556 M 0.7MM 4x8,,,,HT9556MA072977,1,1,1,I-011,Good,,,2025/04/02,REC20250402,0,Unit1,0,Unit2,0,Unit3,4,Pcs,4,0,0,0,4,4,0,0,0,0,0,0,0,0,0,0,2025/04/02 08:55:59,DD Service＆Transport,,
FMC,Formica,Suratthani,Suratthani DC,FMC,Formica,Suratthani,A07928UN082977D,AP 7928 UN 0.8MM 4x8,,,,A07928UN082977D,1,1,1,J-002,Good,,,2024/07/11,REC202400711,0,Unit1,0,Unit2,0,Unit3,2,PCS,2,0,0,0,2,2,0,0,0,0,0,0,0,0,0,0,2024/07/11 10:33:50,DD Service＆Transport,2025/12/02 17:30:03,DD Service＆Transport
FMC,Formica,Suratthani,Suratthani DC,FMC,Formica,Suratthani,A07928UN082977D,AP 7928 UN 0.8MM 4x8,,,,A07928UN082977D,1,1,1,J-002,Good,,,2024/11/11,REC20241111,0,Unit1,0,Unit2,0,Unit3,5,PCS,5,0,0,0,5,5,0,0,0,0,0,0,0,0,0,0,2024/11/11 10:02:52,DD Service＆Transport,,
FMC,Formica,Suratthani,Suratthani DC,FMC,Formica,Suratthani,A05486NT082977D,AP 5486 NT 0.8MM 4x8,,,,A05486NT082977D,1,1,1,J-003,Good,,,2024/02/09,REC20240208001,0,Unit1,0,Unit2,0,Unit3,2,PCS,2,0,0,0,2,2,0,0,0,0,0,0,0,0,0,0,2024/02/09 13:36:14,pakchong,2025/10/16 15:42:28,DD Service＆Transport
FMC,Formica,Suratthani,Suratthani DC,FMC,Formica,Suratthani,A06445LM082977D,AP 6445 LM 0.8MM 4x8,,,,A06445LM082977D,1,1,1,J-004,Good,,,2025/06/05,REC20250605,0,Unit1,0,Unit2,0,Unit3,20,PCS,20,0,0,0,20,20,0,0,0,0,0,0,0,0,0,0,2025/06/05 11:18:21,DD Service＆Transport,,
FMC,Formica,Suratthani,Suratthani DC,FMC,Formica,Suratthani,A06445LM082977D,AP 6445 LM 0.8MM 4x8,,,,A06445LM082977D,1,1,1,J-004,Good,,,2025/10/20,REC20251020,0,Unit1,0,Unit2,0,Unit3,20,PCS,20,0,0,0,20,20,0,0,0,0,0,0,0,0,0,0,2025/10/20 18:19:12,DD Service＆Transport,,
FMC,Formica,Suratthani,Suratthani DC,FMC,Formica,Suratthani,A09005UN082977D,AP 9005 UN 0.8MM 4x8,,,,A09005UN082977D,1,1,1,J-005,Good,,,2024/02/09,REC20240208001,0,Unit1,0,Unit2,0,Unit3,9,PCS,9,0,0,0,9,9,0,0,0,0,0,0,0,0,0,0,2024/02/09 13:36:14,pakchong,2025/10/03 14:35:41,DD Service＆Transport
FMC,Formica,Suratthani,Suratthani DC,FMC,Formica,Suratthani,A09005UN082977D,AP 9005 UN 0.8MM 4x8,,,,A09005UN082977D,1,1,1,J-005,Good,,,2024/11/11,REC20241111,0,Unit1,0,Unit2,0,Unit3,5,PCS,5,0,0,0,5,5,0,0,0,0,0,0,0,0,0,0,2024/11/11 10:06:54,DD Service＆Transport,,
FMC,Formica,Suratthani,Suratthani DC,FMC,Formica,Suratthani,A08836NT082977D,AP 8836 NT 0.8MM 4x8,,,,A08836NT082977D,1,1,1,J-006,Good,,,2024/02/09,REC20240208001,0,Unit1,0,Unit2,0,Unit3,2,PCS,2,0,0,0,2,2,0,0,0,0,0,0,0,0,0,0,2024/02/09 13:36:14,pakchong,2025/12/03 11:12:10,DD Service＆Transport
FMC,Formica,Suratthani,Suratthani DC,FMC,Formica,Suratthani,A08836NT082977D,AP 8836 NT 0.8MM 4x8,,,,A08836NT082977D,1,1,1,J-006,Good,,,2024/11/11,REC20241111,0,Unit1,0,Unit2,0,Unit3,5,PCS,5,0,0,0,5,5,0,0,0,0,0,0,0,0,0,0,2024/11/11 10:04:29,DD Service＆Transport,,
FMC,Formica,Suratthani,Suratthani DC,FMC,Formica,Suratthani,HT6868MA072977,SM 6868 M 0.7MM 4x8,,,,HT6868MA072977,1,1,1,J-009,Good,,,2025/04/02,REC20250402,0,Unit1,0,Unit2,0,Unit3,16,Pcs,16,0,0,0,16,16,0,0,0,0,0,0,0,0,0,0,2025/04/02 08:53:01,DD Service＆Transport,2025/11/10 14:22:25,DD Service＆Transport
FMC,Formica,Suratthani,Suratthani DC,FMC,Formica,Suratthani,HT6868MA072977,SM 6868 M 0.7MM 4x8,,,,HT6868MA072977,1,1,1,J-009,Good,,,2025/06/05,REC20250605,0,Unit1,0,Unit2,0,Unit3,13,Pcs,13,0,0,0,13,13,0,0,0,0,0,0,0,0,0,0,2025/06/05 04:12:38,DD Service＆Transport,,
FMC,Formica,Suratthani,Suratthani DC,FMC,Formica,Suratthani,HT5804MA072977,SM 5804 M 0.7MM 4x8,,,,HT5804MA072977,1,1,1,J-010,Good,,,2025/09/05,REC20250905,0,Unit1,0,Unit2,0,Unit3,34,Pcs,34,0,0,0,34,34,0,0,0,0,0,0,0,0,0,0,2025/09/05 11:03:32,DD Service＆Transport,2025/11/12 11:41:52,DD Service＆Transport
FMC,Formica,Suratthani,Suratthani DC,FMC,Formica,Suratthani,HT5075MA072977,SM 5075 M 0.7MM 4x8,,,,HT5075MA072977,1,1,1,J-011,Good,,,2024/08/27,REC20240827,0,Unit1,0,Unit2,0,Unit3,22,Pcs,22,0,0,0,22,22,0,0,0,0,0,0,0,0,0,0,2024/08/27 05:41:58,DD Service＆Transport,2025/10/06 11:35:12,DD Service＆Transport
FMC,Formica,Suratthani,Suratthani DC,FMC,Formica,Suratthani,HT5075MA072977,SM 5075 M 0.7MM 4x8,,,,HT5075MA072977,1,1,1,J-011,Good,,,2025/04/02,REC20250402,0,Unit1,0,Unit2,0,Unit3,10,Pcs,10,0,0,0,10,10,0,0,0,0,0,0,0,0,0,0,2025/04/02 08:50:59,DD Service＆Transport,,
FMC,Formica,Suratthani,Suratthani DC,FMC,Formica,Suratthani,A07392NT082977D,AP 7392 NT 0.8MM 4x8 D,,,,A07392NT082977D,1,1,1,K-001,Good,,,2025/08/27,REC20250827,0,พาเลท,0,เคส,0,แพ็ค,54,ชิ้น,54,0,0,0,54,54,0,0,0,0,0,0,0,0,0,0,2025/08/27 06:16:58,DD Service＆Transport,2025/11/13 14:27:57,DD Service＆Transport
FMC,Formica,Suratthani,Suratthani DC,FMC,Formica,Suratthani,A07393NT082977D,AP 7393 NT 0.8MM 4x8 D,,,,A07393NT082977D,1,1,1,K-002,Good,,,2025/11/26,REC20251126001,0,พาเลท,0,เคส,0,แพ็ค,18,ชิ้น,18,0,0,0,18,18,0,0,0,0,0,0,0,0,0,0,2025/11/26 17:09:15,DD Service＆Transport,2025/12/04 15:24:35,DD Service＆Transport
FMC,Formica,Suratthani,Suratthani DC,FMC,Formica,Suratthani,A07391NT082977D,AP 7391 NT 0.8MM 4x8 D,,,,A07391NT082977D,1,1,1,K-003,Good,,,2025/11/26,REC20251126001,0,พาเลท,0,เคส,0,แพ็ค,20,ชิ้น,20,0,0,0,20,20,0,0,0,0,0,0,0,0,0,0,2025/11/26 17:09:06,DD Service＆Transport,,
FMC,Formica,Suratthani,Suratthani DC,FMC,Formica,Suratthani,A01994UN082977D,AP 1994 UN 0.8MM 4x8,,,,A01994UN082977D,1,1,1,K-004,Good,,,2025/04/02,REC20250402,0,Unit1,0,Unit2,0,Unit3,14,PCS,14,0,0,0,14,14,0,0,0,0,0,0,0,0,0,0,2025/04/02 15:59:28,DD Service＆Transport,2025/06/27 10:32:13,DD Service＆Transport
FMC,Formica,Suratthani,Suratthani DC,FMC,Formica,Suratthani,A08843D8082977D,AP 8843 D8 0.8MM 4x8,,,,A08843D8082977D,1,1,1,K-005,Good,,,2025/06/05,REC20250605,0,Unit1,0,Unit2,0,Unit3,14,PCS,14,0,0,0,14,14,0,0,0,0,0,0,0,0,0,0,2025/06/05 11:18:21,DD Service＆Transport,2025/07/11 17:58:16,DD Service＆Transport
FMC,Formica,Suratthani,Suratthani DC,FMC,Formica,Suratthani,A09312NG082977D,AP 9312 NG 0.8MM 4x8 D,,,,A09312NG082977D,1,1,1,K-007,Good,,,2025/08/27,REC20250827,0,พาเลท,0,เคส,0,แพ็ค,30,ชิ้น,30,0,0,0,30,30,0,0,0,0,0,0,0,0,0,0,2025/08/27 13:21:44,DD Service＆Transport,2025/09/15 10:52:43,DD Service＆Transport
FMC,Formica,Suratthani,Suratthani DC,FMC,Formica,Suratthani,A09312NG082977D,AP 9312 NG 0.8MM 4x8 D,,,,A09312NG082977D,1,1,1,K-007,Good,,,2025/10/20,REC20251020,0,พาเลท,0,เคส,0,แพ็ค,40,ชิ้น,40,0,0,0,40,40,0,0,0,0,0,0,0,0,0,0,2025/10/20 04:36:56,DD Service＆Transport,,
FMC,Formica,Suratthani,Suratthani DC,FMC,Formica,Suratthani,008818SD082977N,PP 8818 SD 0.8MM 4x8 N,,,,008818SD082977N,1,1,1,K-008,Good,,,2025/06/05,REC20250605,0,Unit1,0,Unit2,0,Unit3,11,PCS,11,0,0,0,11,11,0,0,0,0,0,0,0,0,0,0,2025/06/05 11:18:21,DD Service＆Transport,,
FMC,Formica,Suratthani,Suratthani DC,FMC,Formica,Suratthani,A07938UN082977D,AP 7938 UN 0.8MM 4x8,,,,A07938UN082977D,1,1,1,K-009,Good,,,2024/11/26,REC20241126,0,Unit1,0,Unit2,0,Unit3,3,PCS,3,0,0,0,3,3,0,0,0,0,0,0,0,0,0,0,2024/11/26 13:56:57,DD Service＆Transport,2025/08/25 15:48:35,DD Service＆Transport
FMC,Formica,Suratthani,Suratthani DC,FMC,Formica,Suratthani,A07938UN082977D,AP 7938 UN 0.8MM 4x8,,,,A07938UN082977D,1,1,1,K-009,Good,,,2025/10/20,REC20251020,0,Unit1,0,Unit2,0,Unit3,20,PCS,20,0,0,0,20,20,0,0,0,0,0,0,0,0,0,0,2025/10/20 18:19:12,DD Service＆Transport,,
FMC,Formica,Suratthani,Suratthani DC,FMC,Formica,Suratthani,HT8647NC072977,SM 8647 NC 0.7MM 4x8,,,,HT8647NC072977,1,1,1,K-010,Good,,,2025/09/05,REC20250905,0,พาเลท,0,เคส,0,แพ็ค,40,ชิ้น,40,0,0,0,40,40,0,0,0,0,0,0,0,0,0,0,2025/09/05 11:05:37,DD Service＆Transport,,
FMC,Formica,Suratthani,Suratthani DC,FMC,Formica,Suratthani,A07463UN082977D,AP 7463 UN 0.8MM 4x8 (0463),,,,A07463UN082977D,1,1,1,K-011,Good,,,2025/07/08,REC20250708,0,Unit1,0,Unit2,0,Unit3,8,Pcs,8,0,0,0,8,8,0,0,0,0,0,0,0,0,0,0,2025/07/08 06:37:31,DD Service＆Transport,2025/07/23 18:37:11,DD Service＆Transport
FMC,Formica,Suratthani,Suratthani DC,FMC,Formica,Suratthani,A07463UN082977D,AP 7463 UN 0.8MM 4x8 (0463),,,,A07463UN082977D,1,1,1,K-011,Good,,,2025/07/09,REC20250709,0,Unit1,0,Unit2,0,Unit3,11,Pcs,11,0,0,0,11,11,0,0,0,0,0,0,0,0,0,0,2025/07/09 05:29:45,DD Service＆Transport,,
FMC,Formica,Suratthani,Suratthani DC,FMC,Formica,Suratthani,A03460AB082977E,AP 3460 AB 0.8MM 4x8 E,,,,A03460AB082977E,1,1,1,L-002,Good,,,2025/07/09,REC20250709,0,Unit1,0,Unit2,0,Unit3,101,PCS,101,0,0,0,101,101,0,0,0,0,0,0,0,0,0,0,2025/07/09 05:29:07,DD Service＆Transport,2025/12/04 16:37:52,DD Service＆Transport
FMC,Formica,Suratthani,Suratthani DC,FMC,Formica,Suratthani,HT8298MA072977,SM 8298 M 0.7MM 4x8,,,,HT8298MA072977,1,1,1,L-003,Good,,,2024/08/27,REC20240827,0,Unit1,0,Unit2,0,Unit3,31,Pcs,31,0,0,0,31,31,0,0,0,0,0,0,0,0,0,0,2024/08/27 05:45:39,DD Service＆Transport,2025/07/17 11:37:37,DD Service＆Transport
FMC,Formica,Suratthani,Suratthani DC,FMC,Formica,Suratthani,HT8298MA072977,SM 8298 M 0.7MM 4x8,,,,HT8298MA072977,1,1,1,L-003,Good,,,2025/07/09,REC20250709,0,Unit1,0,Unit2,0,Unit3,40,Pcs,40,0,0,0,40,40,0,0,0,0,0,0,0,0,0,0,2025/07/09 05:33:47,DD Service＆Transport,2025/07/17 11:34:11,DD Service＆Transport
FMC,Formica,Suratthani,Suratthani DC,FMC,Formica,Suratthani,A00909UN082977E,AP 0909 UN 0.8MM 4x8 E,,,,A00909UN082977E,1,1,1,L-004,Good,,,2024/07/11,REC202400711,0,Unit1,0,Unit2,0,Unit3,2,PCS,2,0,0,0,2,2,0,0,0,0,0,0,0,0,0,0,2024/07/11 10:33:50,DD Service＆Transport,,
FMC,Formica,Suratthani,Suratthani DC,FMC,Formica,Suratthani,A00909UN082977E,AP 0909 UN 0.8MM 4x8 E,,,,A00909UN082977E,1,1,1,L-004,Good,,,2024/02/09,REC20240208001,0,Unit1,0,Unit2,0,Unit3,4,PCS,4,0,0,0,4,4,0,0,0,0,0,0,0,0,0,0,2024/02/09 13:36:13,pakchong,2025/11/26 15:56:51,DD Service＆Transport
FMC,Formica,Suratthani,Suratthani DC,FMC,Formica,Suratthani,A00909UN082977E,AP 0909 UN 0.8MM 4x8 E,,,,A00909UN082977E,1,1,1,L-004,Good,,,2025/01/10,REC20250110,0,Unit1,0,Unit2,0,Unit3,27,PCS,27,0,0,0,27,27,0,0,0,0,0,0,0,0,0,0,2025/01/10 10:33:09,DD Service＆Transport,,
FMC,Formica,Suratthani,Suratthani DC,FMC,Formica,Suratthani,A00909UN082977E,AP 0909 UN 0.8MM 4x8 E,,,,A00909UN082977E,1,1,1,L-004,Good,,,2025/07/09,REC20250709,0,Unit1,0,Unit2,0,Unit3,14,PCS,14,0,0,0,14,14,0,0,0,0,0,0,0,0,0,0,2025/07/09 05:27:36,DD Service＆Transport,,
FMC,Formica,Suratthani,Suratthani DC,FMC,Formica,Suratthani,A07912UN082977E,AP 7912 UN 0.8MM 4x8 E,,,,A07912UN082977E,1,1,1,L-005,Good,,,2025/06/05,REC20250605,0,Unit1,0,Unit2,0,Unit3,9,PCS,9,0,0,0,9,9,0,0,0,0,0,0,0,0,0,0,2025/06/05 04:07:48,DD Service＆Transport,2025/11/19 12:15:39,DD Service＆Transport
FMC,Formica,Suratthani,Suratthani DC,FMC,Formica,Suratthani,A07912UN082977E,AP 7912 UN 0.8MM 4x8 E,,,,A07912UN082977E,1,1,1,L-005,Good,,,2025/07/09,REC20250709,0,Unit1,0,Unit2,0,Unit3,12,PCS,12,0,0,0,12,12,0,0,0,0,0,0,0,0,0,0,2025/07/09 05:29:58,DD Service＆Transport,,
FMC,Formica,Suratthani,Suratthani DC,FMC,Formica,Suratthani,A07912UN082977E,AP 7912 UN 0.8MM 4x8 E,,,,A07912UN082977E,1,1,1,L-005,Good,,,2025/08/07,REC20250807,0,Unit1,0,Unit2,0,Unit3,10,PCS,10,0,0,0,10,10,0,0,0,0,0,0,0,0,0,0,2025/08/07 06:39:43,DD Service＆Transport,,
FMC,Formica,Suratthani,Suratthani DC,FMC,Formica,Suratthani,007377AB082977N,PP 7377 AB 0.8MM 4x8 N,,,,007377AB082977N,1,1,1,L-006,Good,,,2024/02/09,REC20240208001,0,Unit1,0,Unit2,0,Unit3,20,PCS,20,0,0,0,20,20,0,0,0,0,0,0,0,0,0,0,2024/02/09 13:36:14,pakchong,2025/11/13 13:12:41,DD Service＆Transport
FMC,Formica,Suratthani,Suratthani DC,FMC,Formica,Suratthani,007377AB082977N,PP 7377 AB 0.8MM 4x8 N,,,,007377AB082977N,1,1,1,L-006,Good,,,2024/11/11,REC20241111,0,Unit1,0,Unit2,0,Unit3,10,PCS,10,0,0,0,10,10,0,0,0,0,0,0,0,0,0,0,2024/11/11 09:47:27,DD Service＆Transport,,
FMC,Formica,Suratthani,Suratthani DC,FMC,Formica,Suratthani,007377AB082977N,PP 7377 AB 0.8MM 4x8 N,,,,007377AB082977N,1,1,1,L-006,Good,,,2025/07/09,REC20250709,0,Unit1,0,Unit2,0,Unit3,11,PCS,11,0,0,0,11,11,0,0,0,0,0,0,0,0,0,0,2025/07/09 05:26:41,DD Service＆Transport,,
FMC,Formica,Suratthani,Suratthani DC,FMC,Formica,Suratthani,A03200AB082977E,AP 3200 AB 0.8MM 4x8 E,,,,A03200AB082977E,1,1,1,L-007,Good,,,2024/02/09,REC20240208001,0,Unit1,0,Unit2,0,Unit3,20,PCS,20,0,0,0,20,20,0,0,0,0,0,0,0,0,0,0,2024/02/09 13:36:14,pakchong,,
FMC,Formica,Suratthani,Suratthani DC,FMC,Formica,Suratthani,A07394NG082977D,AP 7394 NG 0.8MM 4x8,,,,A07394NG082977D,1,1,1,L-008,Good,,,2024/02/09,REC20240208001,0,Unit1,0,Unit2,0,Unit3,10,PCS,10,0,0,0,10,10,0,0,0,0,0,0,0,0,0,0,2024/02/09 13:36:14,pakchong,2025/05/13 14:15:56,DD Service＆Transport
FMC,Formica,Suratthani,Suratthani DC,FMC,Formica,Suratthani,A07394NG082977D,AP 7394 NG 0.8MM 4x8,,,,A07394NG082977D,1,1,1,L-008,Good,,,2024/11/11,REC20241111,0,Unit1,0,Unit2,0,Unit3,5,PCS,5,0,0,0,5,5,0,0,0,0,0,0,0,0,0,0,2024/11/11 10:00:16,DD Service＆Transport,,
FMC,Formica,Suratthani,Suratthani DC,FMC,Formica,Suratthani,A07929UN082977D,AP 7929 UN 0.8MM 4x8 (0929),,,,A07929UN082977D,1,1,1,L-009,Good,,,2025/06/05,REC20250605,0,Unit1,0,Unit2,0,Unit3,2,PCS,2,0,0,0,2,2,0,0,0,0,0,0,0,0,0,0,2025/06/05 04:08:17,DD Service＆Transport,2025/12/02 17:30:03,DD Service＆Transport
FMC,Formica,Suratthani,Suratthani DC,FMC,Formica,Suratthani,HT8647MA072977,SM 8647 M 0.7MM 4x8,,,,HT8647MA072977,1,1,1,L-011,Good,,,2024/08/27,REC20240827,0,Unit1,0,Unit2,0,Unit3,25,Pcs,25,0,0,0,25,25,0,0,0,0,0,0,0,0,0,0,2024/08/27 05:46:20,DD Service＆Transport,2025/09/23 16:03:13,DD Service＆Transport
FMC,Formica,Suratthani,Suratthani DC,FMC,Formica,Suratthani,HT8647MA072977,SM 8647 M 0.7MM 4x8,,,,HT8647MA072977,1,1,1,L-011,Good,,,2025/04/02,REC20250402,0,Unit1,0,Unit2,0,Unit3,10,Pcs,10,0,0,0,10,10,0,0,0,0,0,0,0,0,0,0,2025/04/02 08:54:57,DD Service＆Transport,,
FMC,Formica,Suratthani,Suratthani DC,FMC,Formica,Suratthani,J00290000G09M1T,00291300x3050x0.9NTMBK,,,,J00290000G09M1T,1,1,1,M-001,Good,,,2024/02/09,REC20240208001,0,Unit1,0,Unit2,0,Unit3,5,PCS,5,0,0,0,5,5,0,0,0,0,0,0,0,0,0,0,2024/02/09 13:36:14,pakchong,2024/12/02 12:19:56,DD Service＆Transport
FMC,Formica,Suratthani,Suratthani DC,FMC,Formica,Suratthani,J00290000G09M1T,00291300x3050x0.9NTMBK,,,,J00290000G09M1T,1,1,1,M-001,Good,,,2025/01/10,REC20250110,0,Unit1,0,Unit2,0,Unit3,7,PCS,7,0,0,0,7,7,0,0,0,0,0,0,0,0,0,0,2025/01/10 10:43:56,DD Service＆Transport,,
FMC,Formica,Suratthani,Suratthani DC,FMC,Formica,Suratthani,J00320000G09M1T,00321300x3050x0.9NTMBK,,,,J00320000G09M1T,1,1,1,M-001,Good,,,2024/02/09,REC20240208001,0,Unit1,0,Unit2,0,Unit3,10,PCS,10,0,0,0,10,10,0,0,0,0,0,0,0,0,0,0,2024/02/09 13:36:14,pakchong,,
FMC,Formica,Suratthani,Suratthani DC,FMC,Formica,Suratthani,J07170000G09M1T,07171300x3050x0.9NTMBK,,,,J07170000G09M1T,1,1,1,M-001,Good,,,2024/02/09,REC20240208001,0,Unit1,0,Unit2,0,Unit3,8,PCS,8,0,0,0,8,8,0,0,0,0,0,0,0,0,0,0,2024/02/09 13:36:14,pakchong,2024/09/12 10:57:33,DD Service＆Transport
FMC,Formica,Suratthani,Suratthani DC,FMC,Formica,Suratthani,J07170000G09M1T,07171300x3050x0.9NTMBK,,,,J07170000G09M1T,1,1,1,M-001,Good,,,2024/11/26,REC20241126,0,Unit1,0,Unit2,0,Unit3,5,PCS,5,0,0,0,5,5,0,0,0,0,0,0,0,0,0,0,2024/11/26 06:56:04,DD Service＆Transport,,
FMC,Formica,Suratthani,Suratthani DC,FMC,Formica,Suratthani,J07200000G09M1T,07201300x3050x0.9NTMBK,,,,J07200000G09M1T,1,1,1,M-001,Good,,,2024/02/09,REC20240208001,0,Unit1,0,Unit2,0,Unit3,8,PCS,8,0,0,0,8,8,0,0,0,0,0,0,0,0,0,0,2024/02/09 13:36:14,pakchong,2025/06/11 17:56:17,DD Service＆Transport
FMC,Formica,Suratthani,Suratthani DC,FMC,Formica,Suratthani,J07250000G09M1T,07251300x3050x0.9NTMBK,,,,J07250000G09M1T,1,1,1,M-001,Good,,,2024/02/09,REC20240208001,0,Unit1,0,Unit2,0,Unit3,10,PCS,10,0,0,0,10,10,0,0,0,0,0,0,0,0,0,0,2024/02/09 13:36:14,pakchong,,
FMC,Formica,Suratthani,Suratthani DC,FMC,Formica,Suratthani,PL0410,Pallet 4*10,,,,PL0410,1,1,1,M-001,Good,,,2024/02/12, ,0,Unit1,0,Unit2,0,Unit3,2,Pcs,2,0,0,0,2,2,0,0,0,0,0,0,0,0,0,0,2024/02/12 05:33:08,DD Service＆Transport,,
FMC,Formica,Suratthani,Suratthani DC,FMC,Formica,Suratthani,J07180000G09M1T,07181300x3050x0.9NTMBK,,,,J07180000G09M1T,1,1,1,N-001,Good,,,2024/02/09,REC20240208001,0,Unit1,0,Unit2,0,Unit3,10,PCS,10,0,0,0,10,10,0,0,0,0,0,0,0,0,0,0,2024/02/09 13:36:14,pakchong,,
FMC,Formica,Suratthani,Suratthani DC,FMC,Formica,Suratthani,J07240000G09M1T,07241300x3050x0.9NTMBK,,,,J07240000G09M1T,1,1,1,N-001,Good,,,2024/02/09,REC20240208001,0,Unit1,0,Unit2,0,Unit3,10,PCS,10,0,0,0,10,10,0,0,0,0,0,0,0,0,0,0,2024/02/09 13:36:14,pakchong,,
FMC,Formica,Suratthani,Suratthani DC,FMC,Formica,Suratthani,J07490000G09M1T,07491300x3050x0.9NTMBK,,,,J07490000G09M1T,1,1,1,N-001,Good,,,2024/02/09,REC20240208001,0,Unit1,0,Unit2,0,Unit3,10,PCS,10,0,0,0,10,10,0,0,0,0,0,0,0,0,0,0,2024/02/09 13:36:14,pakchong,,
FMC,Formica,Suratthani,Suratthani DC,FMC,Formica,Suratthani,BB001,Big Box,,,,BB001,1,1,1,O-001,Good,,,2024/02/12, ,0,Unit1,0,Unit2,0,Unit3,48,Pcs,48,0,0,0,48,48,0,0,0,0,0,0,0,0,0,0,2024/02/12 05:29:17,DD Service＆Transport,2024/05/02 17:56:03,DD Service＆Transport
FMC,Formica,Suratthani,Suratthani DC,FMC,Formica,Suratthani,SB001,Small Box,,,,SB001,1,1,1,O-001,Good,,,2024/02/12, ,0,Unit1,0,Unit2,0,Unit3,47,Pcs,47,0,0,0,47,47,0,0,0,0,0,0,0,0,0,0,2024/02/12 05:33:39,DD Service＆Transport,2024/05/02 17:56:03,DD Service＆Transport
FMC,Formica,Suratthani,Suratthani DC,FMC,Formica,Suratthani,BC001,Big CAP,,,,BC001,1,1,1,P-001,Good,,,2024/02/12, ,0,Unit1,0,Unit2,0,Unit3,66,Pcs,66,0,0,0,66,66,0,0,0,0,0,0,0,0,0,0,2024/02/12 05:31:33,DD Service＆Transport,2024/10/29 18:18:58,DD Service＆Transport
FMC,Formica,Suratthani,Suratthani DC,FMC,Formica,Suratthani,PL0048,Pallet 4*8,,,,PL0048,1,1,1,P-001,Good,,,2024/02/12, ,0,Unit1,0,Unit2,0,Unit3,5,Pcs,5,0,0,0,5,5,0,0,0,0,0,0,0,0,0,0,2024/02/12 05:32:33,DD Service＆Transport,2024/04/03 18:03:25,DD Service＆Transport
FMC,Formica,Suratthani,Suratthani DC,FMC,Formica,Suratthani,SC001,Small CAP,,,,SC001,1,1,1,P-001,Good,,,2024/02/12, ,0,Unit1,0,Unit2,0,Unit3,94,Pcs,94,0,0,0,94,94,0,0,0,0,0,0,0,0,0,0,2024/02/12 05:34:19,DD Service＆Transport,2024/05/02 17:56:03,DD Service＆Transport
FMC,Formica,Suratthani,Suratthani DC,FMC,Formica,Suratthani,TB090999048NU,TOP 0909UN/Lami. 4x8x4 mm.PW,,,,TB090999048NU,1,1,1,Q-001,Good,,,2024/05/20,REC20240520,0,Unit1,0,Unit2,0,Unit3,5,Pcs,5,0,0,0,5,5,0,0,0,0,0,0,0,0,0,0,2024/05/20 08:41:23,DD Service＆Transport,,
FMC,Formica,Suratthani,Suratthani DC,FMC,Formica,Suratthani,TB092799048NU,TOP 0927UN/Lami. 4x8x4 mm. PW,,,,TB092799048NU,1,1,1,Q-001,Good,,,2024/05/20,REC20240520,0,Unit1,0,Unit2,0,Unit3,5,Pcs,5,0,0,0,5,5,0,0,0,0,0,0,0,0,0,0,2024/05/20 08:41:09,DD Service＆Transport,,
FMC,Formica,Suratthani,Suratthani DC,FMC,Formica,Suratthani,TB104099048N,TOP 1040UN/Lami.4x8x4 mm. PW,,,,TB104099048N,1,1,1,Q-001,Good,,,2024/05/20,REC20240520,0,Unit1,0,Unit2,0,Unit3,5,Pcs,5,0,0,0,5,5,0,0,0,0,0,0,0,0,0,0,2024/05/20 08:40:57,DD Service＆Transport,,
FMC,Formica,Suratthani,Suratthani DC,FMC,Formica,Suratthani,TB320099048N,TOP 3200UN/Lami. 4x8x4 mm.PW,,,,TB320099048N,1,1,1,Q-001,Good,,,2024/05/20,REC20240520,0,Unit1,0,Unit2,0,Unit3,5,Pcs,5,0,0,0,5,5,0,0,0,0,0,0,0,0,0,0,2024/05/20 08:41:36,DD Service＆Transport,,
FMC,Formica,Suratthani,Suratthani DC,FMC,Formica,Suratthani,TB346099048N,TOP 3460AB/Lami.4x8x4 mm. PW,,,,TB346099048N,1,1,1,Q-001,Good,,,2024/05/20,REC20240520,0,Unit1,0,Unit2,0,Unit3,5,Pcs,5,0,0,0,5,5,0,0,0,0,0,0,0,0,0,0,2024/05/20 08:39:48,DD Service＆Transport,,
FMC,Formica,Suratthani,Suratthani DC,FMC,Formica,Suratthani,TB794999048N,TOP 7949UN/LAMI.4x 8x4 mm.PW,,,,TB794999048N,1,1,1,Q-001,Good,,,2024/05/20,REC20240520,0,Unit1,0,Unit2,0,Unit3,5,Pcs,5,0,0,0,5,5,0,0,0,0,0,0,0,0,0,0,2024/05/20 08:39:32,DD Service＆Transport,,
